Rk,Player,Pos,Age,Tm,G,GS,MP,FG,FGA,FG%,3P,3PA,3P%,2P,2PA,2P%,eFG%,FT,FTA,FT%,ORB,DRB,TRB,AST,STL,BLK,TOV,PF,PTS,Player-additional
1,Precious Achiuwa,PF-C,24,TOT,53,14,22.5,3.3,6.8,0.49,0.4,1.5,0.25,2.9,5.3,0.559,0.518,1,1.6,0.627,2.7,3.9,6.6,1.4,0.6,0.8,1.1,1.9,8,achiupr01
1,Precious Achiuwa,C,24,TOR,25,0,17.5,3.1,6.8,0.459,0.5,1.9,0.277,2.6,4.9,0.528,0.497,1,1.7,0.571,2,3.4,5.4,1.8,0.6,0.5,1.2,1.6,7.7,achiupr01
1,Precious Achiuwa,PF,24,NYK,28,14,26.9,3.5,6.8,0.519,0.3,1.2,0.212,3.3,5.6,0.583,0.537,1,1.5,0.683,3.3,4.3,7.6,1,0.6,1.1,1,2.2,8.3,achiupr01
2,Bam Adebayo,C,26,MIA,49,49,34.6,7.7,15.1,0.514,0,0.2,0.083,7.7,14.8,0.521,0.514,4.9,6.2,0.778,2.2,8.3,10.5,4.1,1.1,1,2.5,2.5,20.3,adebaba01
3,Ochai Agbaji,SG,23,TOT,59,10,18.9,2.1,4.8,0.427,0.9,2.7,0.327,1.2,2.1,0.556,0.519,0.4,0.5,0.778,0.7,1.7,2.3,0.9,0.5,0.5,0.7,1.3,5.4,agbajoc01
3,Ochai Agbaji,SG,23,UTA,51,10,19.7,2.1,4.9,0.426,0.9,2.8,0.331,1.2,2.1,0.551,0.52,0.3,0.4,0.75,0.7,1.8,2.5,0.9,0.5,0.6,0.7,1.3,5.4,agbajoc01
3,Ochai Agbaji,SG,23,TOR,8,0,13.9,2,4.6,0.432,0.8,2.5,0.3,1.3,2.1,0.588,0.514,0.8,0.9,0.857,0.6,0.9,1.5,0.9,0.4,0.3,1,1.4,5.5,agbajoc01
4,Santi Aldama,PF,23,MEM,48,22,25,3.9,9.1,0.426,1.6,4.8,0.336,2.3,4.4,0.524,0.514,0.8,1.3,0.597,1.2,4.4,5.6,2.1,0.7,0.7,1.2,1.5,10.2,aldamsa01
5,Nickeil Alexander-Walker,SG,25,MIN,60,16,23.1,2.6,6.1,0.422,1.4,3.9,0.369,1.1,2.2,0.515,0.54,0.6,0.7,0.767,0.4,1.6,2,2.6,0.8,0.6,1,1.8,7.1,alexani01
6,Grayson Allen,SG,28,PHO,53,53,33.2,4.3,8.5,0.502,2.6,5.4,0.477,1.7,3.2,0.545,0.653,1.8,2,0.886,0.7,3.3,4,3.1,0.8,0.6,1.3,2.2,12.9,allengr01
7,Jarrett Allen,C,25,CLE,54,54,31.1,6.4,10.2,0.634,0,0.1,0,6.4,10.1,0.64,0.634,2.9,3.9,0.733,3.4,7.1,10.5,2.7,0.8,1.1,1.7,2.2,15.7,allenja01
8,Jose Alvarado,PG,25,NOP,40,0,17,2.6,6.1,0.418,1.3,3.5,0.355,1.3,2.6,0.505,0.52,0.7,1,0.675,0.4,1.8,2.2,2,1.1,0.4,0.8,1.5,7,alvarjo01
9,Kyle Anderson,PF,30,MIN,58,4,22,2.4,5.1,0.473,0.1,0.6,0.206,2.3,4.5,0.508,0.485,1.2,1.7,0.7,0.8,2.8,3.5,4.1,0.8,0.5,1.3,1.5,6.2,anderky01
10,Giannis Antetokounmpo,PF,29,MIL,59,59,34.9,11.5,18.6,0.619,0.5,1.7,0.301,11,16.8,0.652,0.633,7.3,11,0.661,2.6,8.7,11.3,6.3,1.3,1,3.4,2.9,30.8,antetgi01
11,Thanasis Antetokounmpo,PF,31,MIL,26,0,4.7,0.5,0.9,0.5,0,0,0,0.5,0.9,0.522,0.5,0,0.1,0,0.2,0.2,0.4,0.5,0.1,0.2,0.4,0.8,0.9,antetth01
12,Cole Anthony,PG,23,ORL,59,0,23.1,4.1,9.5,0.433,1.1,3.2,0.33,3.1,6.3,0.487,0.489,2.6,3.1,0.831,0.9,3.1,4,3.1,0.8,0.4,1.7,2.5,11.9,anthoco01
13,OG Anunoby,SF,26,TOT,41,41,34.1,5.8,11.7,0.498,2.1,5.5,0.379,3.7,6.1,0.606,0.588,1.6,2,0.774,1,3.2,4.2,2.3,1.3,0.7,1.5,2.3,15.3,anunoog01
13,OG Anunoby,SF,26,TOR,27,27,33.3,5.8,11.9,0.489,2.3,6,0.374,3.6,5.9,0.608,0.584,1.2,1.7,0.717,0.9,3,3.9,2.7,1,0.5,1.6,2.3,15.1,anunoog01
13,OG Anunoby,SF,26,NYK,14,14,35.7,5.8,11.2,0.516,1.8,4.6,0.391,4,6.6,0.602,0.596,2.3,2.7,0.842,1.1,3.6,4.6,1.5,1.8,1.1,1.4,2.4,15.6,anunoog01
14,Ryan Arcidiacono,PG,29,NYK,20,0,2.3,0,0.3,0,0,0.3,0,0,0,,0,0,0,,0,0.4,0.4,0.2,0.1,0,0.1,0.3,0,arcidry01
15,Deni Avdija,SF,23,WAS,57,57,28.4,5,9.8,0.51,1.2,2.9,0.412,3.8,6.9,0.551,0.57,2.4,3.2,0.745,1,5.6,6.6,3.8,0.8,0.4,2,2.5,13.6,avdijde01
16,Deandre Ayton,C,25,POR,40,40,31.6,6.6,11.6,0.57,0,0,,6.6,11.6,0.57,0.57,1.1,1.3,0.824,3,7.6,10.6,1.7,1.1,0.8,1.7,2.2,14.3,aytonde01
17,Udoka Azubuike,C,24,PHO,14,0,7.6,1.1,1.6,0.727,0,0,,1.1,1.6,0.727,0.727,0.2,0.8,0.273,0.8,1.5,2.3,0.2,0.1,0.4,0.3,1.2,2.5,azubuud01
18,Ibou Badji,C,21,POR,18,1,11.3,0.7,1.1,0.632,0,0,,0.7,1.1,0.632,0.632,0.3,0.6,0.5,1.1,1.6,2.7,0.7,0.1,1.1,0.8,2.3,1.6,badjiib01
19,Marvin Bagley III,C,24,TOT,43,21,21.1,4.8,8.2,0.581,0.1,0.4,0.294,4.7,7.8,0.595,0.588,2,2.7,0.744,2.7,3.4,6.1,1.2,0.4,0.7,1.2,1.8,11.7,baglema01
19,Marvin Bagley III,C,24,DET,26,10,18.4,4.1,7,0.591,0,0.2,0.167,4.1,6.7,0.606,0.594,1.9,2.3,0.82,1.8,2.8,4.5,1,0.2,0.5,1.1,1.5,10.2,baglema01
19,Marvin Bagley III,C,24,WAS,17,11,25.4,5.8,10.1,0.57,0.2,0.6,0.364,5.5,9.5,0.584,0.581,2.2,3.3,0.661,4.2,4.4,8.5,1.4,0.6,0.8,1.3,2.2,13.9,baglema01
20,Amari Bailey,PG,19,CHO,3,0,5,0.7,2.3,0.286,0,1,0,0.7,1.3,0.5,0.286,0.3,0.7,0.5,0.7,0,0.7,0.3,0,0,0.3,0,1.7,baileam01
21,Patrick Baldwin Jr.,SF,21,WAS,20,0,7.6,0.9,2.4,0.383,0.6,1.4,0.407,0.4,1,0.35,0.5,0.4,0.6,0.667,0.4,1.8,2.2,0.4,0.1,0.2,0.3,1.1,2.8,baldwpa01
22,LaMelo Ball,PG,22,CHO,22,22,32.3,8.3,19.2,0.433,3.2,9,0.355,5.1,10.3,0.5,0.515,4.1,4.7,0.865,1.3,3.8,5.1,8,1.8,0.2,3.8,3.6,23.9,ballla01
23,Mo Bamba,C,25,PHI,37,1,11,1.5,3.3,0.467,0.4,0.9,0.424,1.2,2.4,0.483,0.525,0.5,0.8,0.586,1.4,2.4,3.8,0.7,0.4,1,0.7,1.5,3.9,bambamo01
24,Paolo Banchero,PF,21,ORL,58,58,34.8,8.1,17.7,0.459,1.5,4.2,0.362,6.6,13.5,0.488,0.501,5.1,7.2,0.701,1.1,5.7,6.8,5.2,1,0.5,3,2,22.8,banchpa01
25,Desmond Bane,SG,25,MEM,37,37,34.5,8.9,18.8,0.474,3.3,8.6,0.384,5.6,10.2,0.551,0.563,3.3,3.8,0.864,0.9,3.6,4.6,5.3,1,0.5,2.7,2.9,24.4,banede01
26,Dalano Banton,PG,24,TOT,31,1,9.5,1.5,3.5,0.413,0.3,1.1,0.257,1.2,2.4,0.486,0.454,0.9,1.3,0.707,0.6,1.3,1.9,1,0.3,0.2,0.6,0.8,4.1,bantoda01
26,Dalano Banton,PG,24,BOS,24,1,7.1,0.8,2.1,0.373,0.1,0.7,0.125,0.7,1.5,0.486,0.392,0.7,0.8,0.8,0.5,1,1.5,0.8,0.2,0.1,0.4,0.8,2.3,bantoda01
26,Dalano Banton,PG,24,POR,7,0,17.6,3.7,8.3,0.448,1,2.7,0.368,2.7,5.6,0.487,0.509,1.9,3,0.619,1,2.4,3.4,1.9,0.6,0.4,1.1,0.9,10.3,bantoda01
27,Dominick Barlow,PF,20,SAS,23,1,13.3,1.7,3.7,0.476,0.1,0.3,0.429,1.6,3.3,0.481,0.494,1,1.5,0.647,1.4,2.2,3.7,1.1,0.4,0.5,0.2,1.4,4.6,barlodo01
28,Harrison Barnes,PF,31,SAC,59,59,29.6,4.2,8.7,0.484,1.9,4.8,0.401,2.3,3.9,0.586,0.594,1.8,2.3,0.805,0.8,2.1,2.9,1.1,0.7,0.2,0.7,1.3,12.2,barneha02
29,Scottie Barnes,SG,22,TOR,60,60,34.9,7.5,15.7,0.475,1.7,4.9,0.341,5.8,10.8,0.536,0.528,3.3,4.2,0.781,2.4,5.9,8.2,6.1,1.3,1.5,2.8,2,19.9,barnesc01
30,RJ Barrett,SG,23,TOT,49,49,31.3,7.1,14.8,0.483,1.6,4.4,0.362,5.5,10.3,0.535,0.537,3.5,4.9,0.72,0.9,4.4,5.2,3.1,0.5,0.3,1.9,2.1,19.4,barrerj01
30,RJ Barrett,SG,23,NYK,26,26,29.5,6.3,14.9,0.423,1.7,5,0.331,4.7,9.9,0.469,0.478,4,4.8,0.831,0.7,3.5,4.3,2.4,0.5,0.3,1.8,1.7,18.2,barrerj01
30,RJ Barrett,SG,23,TOR,23,23,33.3,8,14.6,0.552,1.6,3.8,0.409,6.5,10.7,0.603,0.606,3,5,0.6,1,5.3,6.3,3.9,0.6,0.3,2,2.6,20.7,barrerj01
31,Charles Bassey,C,23,SAS,19,0,10.8,1.5,2.1,0.725,0,0.1,0,1.5,2.1,0.744,0.725,0.3,0.3,0.833,1.2,2.8,4,1.1,0.4,0.9,0.8,1.6,3.3,bassech01
32,Emoni Bates,SF,20,CLE,10,0,7.6,0.6,2.5,0.24,0.5,2,0.25,0.1,0.5,0.2,0.34,0.1,0.2,0.5,0.1,0.9,1,0.6,0.1,0.2,0.1,0.5,1.8,batesem01
33,Keita Bates-Diop,SF,28,TOT,45,8,14.1,1.6,3.6,0.438,0.5,1.5,0.309,1.1,2,0.533,0.503,0.7,0.9,0.75,0.7,1.6,2.3,0.8,0.5,0.5,0.3,0.8,4.2,bateske01
33,Keita Bates-Diop,SF,28,PHO,39,8,15.3,1.6,3.8,0.427,0.5,1.6,0.313,1.1,2.2,0.512,0.493,0.7,0.9,0.722,0.8,1.8,2.6,0.9,0.6,0.5,0.3,0.8,4.5,bateske01
33,Keita Bates-Diop,SF,28,BRK,6,0,6.5,1,1.7,0.6,0.2,0.7,0.25,0.8,1,0.833,0.65,0.7,0.7,1,0,0.5,0.5,0.3,0.2,0.3,0.3,0.2,2.8,bateske01
34,Nicolas Batum,PF,35,TOT,39,29,23.8,1.9,3.9,0.503,1.3,2.8,0.441,0.7,1,0.675,0.666,0.2,0.4,0.643,1.2,2.5,3.6,2.1,0.6,0.7,0.6,2,5.4,batumni01
34,Nicolas Batum,PF,35,LAC,3,0,18,1,2.7,0.375,0.7,2.3,0.286,0.3,0.3,1,0.5,0,0,,0,2.3,2.3,1.7,1,1.3,0.3,1.7,2.7,batumni01
34,Nicolas Batum,PF,35,PHI,36,29,24.3,2,4,0.51,1.3,2.9,0.452,0.7,1.1,0.667,0.675,0.3,0.4,0.643,1.3,2.5,3.8,2.1,0.6,0.6,0.6,2,5.6,batumni01
35,Darius Bazley,PF,23,PHI,3,0,3.3,0,0.3,0,0,0,,0,0.3,0,0,0,0,,0,0.3,0.3,0.7,0,0,0.3,0,0,bazleda01
36,Bradley Beal,SG,30,PHO,30,30,32.6,7.1,14.4,0.495,1.6,4.5,0.363,5.5,9.9,0.556,0.552,2.3,3,0.775,0.8,3.4,4.3,4.5,0.9,0.3,2.4,2.6,18.2,bealbr01
37,Malik Beasley,SG,27,MIL,59,59,29.5,4.1,8.8,0.469,2.9,6.6,0.447,1.2,2.2,0.534,0.637,0.3,0.5,0.63,0.6,3.3,3.9,1.4,0.8,0.1,0.7,2,11.5,beaslma01
38,MarJon Beauchamp,SF,23,MIL,44,1,13.3,1.7,3.5,0.487,0.6,1.6,0.4,1,1.9,0.561,0.579,0.4,0.6,0.679,0.5,1.7,2.2,0.7,0.3,0.1,0.6,1.2,4.4,beaucma01
39,Jules Bernard,SG,24,WAS,8,0,4.5,0.5,1.6,0.308,0.3,1.1,0.222,0.3,0.5,0.5,0.385,0.1,0.3,0.5,0.4,0.4,0.8,0.6,0.1,0.1,0.3,0.5,1.4,bernaju01
40,Dāvis Bertāns,PF,31,TOT,22,0,8.3,1.3,3,0.433,1.3,2.9,0.444,0,0.2,0.25,0.642,0.7,0.8,0.889,0.1,0.5,0.6,0.6,0.2,0.1,0,0.8,4.6,bertada01
40,Dāvis Bertāns,PF,31,OKC,15,0,6.1,0.7,1.7,0.385,0.7,1.6,0.417,0,0.1,0,0.577,0.9,1,0.933,0.1,0.5,0.7,0.6,0.2,0.2,0.1,0.7,2.9,bertada01
40,Dāvis Bertāns,PF,31,CHO,7,0,13.1,2.7,5.9,0.463,2.6,5.6,0.462,0.1,0.3,0.5,0.683,0.3,0.4,0.667,0,0.6,0.6,0.6,0.3,0,0,1.1,8.3,bertada01
41,Patrick Beverley,PG,35,TOT,56,5,19.1,2.2,5.2,0.426,0.8,2.4,0.331,1.4,2.8,0.506,0.502,1,1.2,0.812,0.7,2.4,3.1,3,0.5,0.4,1,1.7,6.2,beverpa01
41,Patrick Beverley,PG,35,PHI,47,5,19.6,2.2,5.1,0.432,0.7,2.3,0.321,1.5,2.8,0.523,0.504,1.1,1.3,0.81,0.6,2.4,3.1,3.1,0.5,0.4,1,1.8,6.3,beverpa01
41,Patrick Beverley,PG,35,MIL,9,0,16.7,2.1,5.3,0.396,1,2.7,0.375,1.1,2.7,0.417,0.49,0.6,0.7,0.833,1,1.9,2.9,2.6,0.6,0.3,0.7,1.4,5.8,beverpa01
42,Saddiq Bey,SF,24,ATL,58,46,32.5,4.6,10.9,0.418,1.8,5.6,0.321,2.8,5.3,0.521,0.501,2.6,3.1,0.839,2.7,3.8,6.5,1.4,0.8,0.1,0.8,1.4,13.5,beysa01
43,Goga Bitadze,C,24,ORL,49,32,17.8,2.3,3.9,0.605,0,0.2,0.167,2.3,3.6,0.635,0.611,1,1.5,0.658,2.1,3.3,5.3,1.5,0.6,1.4,0.7,2.1,5.7,bitadgo01
44,Onuralp Bitim,SG,24,CHI,4,0,12.3,1.3,3.3,0.385,1,2,0.5,0.3,1.3,0.2,0.538,0.5,0.5,1,0,2.5,2.5,0.3,0,0,0.5,0.8,4,bitimon01
45,Bismack Biyombo,C,31,TOT,32,27,22.7,2.1,3.7,0.563,0,0,,2.1,3.7,0.563,0.563,0.7,1.4,0.478,1.8,4.3,6,1.6,0.3,1.1,1.2,2.6,4.9,biyombi01
45,Bismack Biyombo,C,31,MEM,30,27,23.9,2.2,4,0.563,0,0,,2.2,4,0.563,0.563,0.7,1.5,0.478,1.9,4.5,6.4,1.7,0.3,1.1,1.3,2.7,5.2,biyombi01
45,Bismack Biyombo,C,31,OKC,2,0,4.5,0,0,,0,0,,0,0,,,0,0,,0,1,1,0,0,0.5,0.5,0.5,0,biyombi01
46,Anthony Black,PG,20,ORL,54,31,18.6,1.8,3.8,0.469,0.5,1.4,0.373,1.3,2.4,0.523,0.536,0.9,1.3,0.662,0.5,1.8,2.3,1.5,0.6,0.3,0.9,1.9,5,blackan01
47,Leaky Black,SF,24,CHO,22,3,9.9,0.8,1.8,0.436,0.3,0.7,0.467,0.5,1.1,0.417,0.526,0.4,0.6,0.643,0.4,1.4,1.7,0.8,0.2,0.3,0.2,0.7,2.3,blackle01
48,Bogdan Bogdanović,SG,31,ATL,57,11,29.2,6,14,0.428,3.1,8.3,0.371,2.9,5.7,0.511,0.538,1.8,1.9,0.917,0.6,2.7,3.3,2.8,1.2,0.3,1.2,2.4,16.8,bogdabo01
49,Bojan Bogdanović,PF-SF,34,TOT,35,27,31.1,6.6,14.3,0.46,2.9,7.1,0.412,3.6,7.1,0.508,0.563,2.7,3.5,0.779,0.5,2.9,3.3,2.3,0.8,0.1,2,2.1,18.8,bogdabo02
49,Bojan Bogdanović,PF,34,DET,28,27,32.9,7.1,15.2,0.468,3.1,7.4,0.415,4,7.8,0.518,0.569,2.9,3.7,0.779,0.5,2.9,3.4,2.5,0.8,0.1,2.3,2,20.2,bogdabo02
49,Bojan Bogdanović,SF,34,NYK,7,0,23.9,4.4,10.7,0.413,2.4,6.1,0.395,2,4.6,0.438,0.527,2,2.6,0.778,0.4,2.7,3.1,1.1,0.7,0.1,1.1,2.3,13.3,bogdabo02
50,Bol Bol,PF,24,PHO,21,0,11.1,2.4,3.7,0.641,0.3,1,0.333,2,2.7,0.754,0.686,0.3,0.5,0.7,1,2.4,3.3,0.5,0.2,0.7,0.5,1.2,5.4,bolbo01
51,Marques Bolden,C,25,TOT,3,0,2.7,0,0,,0,0,,0,0,,,0,0,,0,1,1,0,0,0,0,0.3,0,boldema01
51,Marques Bolden,C,25,MIL,2,0,1.5,0,0,,0,0,,0,0,,,0,0,,0,1,1,0,0,0,0,0.5,0,boldema01
51,Marques Bolden,C,25,CHO,1,0,5,0,0,,0,0,,0,0,,,0,0,,0,1,1,0,0,0,0,0,0,boldema01
52,Devin Booker,PG,27,PHO,49,49,35.7,9.7,19.5,0.496,2.2,5.8,0.378,7.4,13.6,0.546,0.552,6.1,7,0.877,0.7,3.9,4.6,6.9,0.9,0.4,2.5,3,27.6,bookede01
53,Brandon Boston Jr.,SF,22,LAC,19,0,6.8,1.4,3.4,0.422,0.3,1.1,0.3,1.1,2.3,0.477,0.469,0.6,0.7,0.857,0.4,0.4,0.8,0.3,0.1,0.1,0.4,0.9,3.8,bostobr01
54,Chris Boucher,PF,31,TOR,48,0,13.5,2.1,4.3,0.49,0.6,1.9,0.319,1.5,2.4,0.626,0.561,1.3,1.8,0.753,1.2,2.8,4,0.4,0.3,0.4,0.5,1.3,6.1,bouchch01
55,James Bouknight,SG,23,CHO,14,0,5.8,1.3,2.9,0.439,0.9,2.1,0.433,0.4,0.8,0.455,0.598,0.1,0.1,0.5,0.1,0.6,0.6,0.4,0.1,0.1,0.1,0.2,3.6,bouknja01
56,Jamaree Bouyea,PG,24,POR,6,0,9.5,0.8,3.5,0.238,0,1.3,0,0.8,2.2,0.385,0.238,0,0,,0.3,1.3,1.7,1.3,0,0,1.3,0.5,1.7,bouyeja01
57,Malaki Branham,PG,20,SAS,55,21,20.3,3.3,7.8,0.429,1,3.1,0.326,2.3,4.6,0.498,0.494,0.6,0.7,0.944,0.3,1.6,2,2.1,0.4,0.1,1.1,1.2,8.3,branhma01
58,Christian Braun,SG,22,DEN,60,0,19.2,2.5,5.8,0.435,0.7,1.9,0.348,1.9,3.9,0.476,0.491,1.2,1.7,0.709,0.9,2.7,3.5,1.4,0.5,0.4,0.7,1.6,6.9,braunch01
59,Mikal Bridges,SF,27,BRK,59,59,35,7.4,16.7,0.445,2.5,7.1,0.353,4.9,9.6,0.511,0.519,3.6,4.4,0.819,0.8,4,4.8,3.7,0.9,0.4,2.1,1.5,20.9,bridgmi01
60,Miles Bridges,SF,25,CHO,49,47,37.3,8.2,17.7,0.462,2.5,6.6,0.375,5.7,11,0.514,0.532,2.6,3,0.846,1,6.5,7.5,3.2,1,0.5,2,1.9,21.4,bridgmi02
61,Oshae Brissett,SF,25,BOS,39,0,10.5,1.2,2.6,0.456,0.3,1.1,0.286,0.9,1.6,0.574,0.515,0.9,1.4,0.679,0.9,1.7,2.6,0.7,0.4,0.1,0.3,0.9,3.6,brissos01
62,Malcolm Brogdon,PG,31,POR,39,25,28.7,5.6,12.7,0.44,2.1,5.1,0.412,3.5,7.6,0.458,0.522,2.4,3,0.819,0.7,3.1,3.8,5.5,0.7,0.2,1.5,1.5,15.7,brogdma01
63,Armoni Brooks,PG,25,BRK,10,0,10.4,1.5,4.6,0.326,1.1,3.2,0.344,0.4,1.4,0.286,0.446,0.1,0.2,0.5,0.7,1.1,1.8,0.5,0.1,0.1,0.3,0.3,4.2,brookar01
64,Dillon Brooks,SF,28,HOU,50,50,31.3,4.8,11,0.437,2,5.1,0.387,2.9,6,0.48,0.526,1.9,2.3,0.841,0.8,2.7,3.6,1.6,0.9,0.1,1.3,3.5,13.5,brookdi01
65,Bruce Brown,SG-PG,27,TOT,52,38,28.1,4.1,8.8,0.463,0.8,2.7,0.304,3.3,6.2,0.531,0.509,1.8,2.1,0.864,0.8,3.6,4.4,2.7,0.9,0.3,1.1,2.3,10.8,brownbr01
65,Bruce Brown,SG,27,IND,33,33,29.7,4.5,9.5,0.475,1,3.1,0.327,3.5,6.5,0.545,0.527,2,2.5,0.817,0.8,3.9,4.7,3,1.1,0.2,1.2,2.5,12.1,brownbr01
65,Bruce Brown,PG,27,TOR,19,5,25.4,3.3,7.6,0.438,0.5,1.9,0.243,2.8,5.6,0.505,0.469,1.5,1.5,1,0.9,3.1,4.1,2.2,0.7,0.4,0.9,1.9,8.6,brownbr01
66,Charlie Brown Jr.,SG,26,NYK,7,0,5.1,0.3,1.4,0.2,0.3,1,0.286,0,0.4,0,0.3,0,0,,0.1,0.1,0.3,0,0,0.3,0.3,0.7,0.9,brownch02
67,Greg Brown III,PF,22,DAL,6,0,6.7,0.8,1.8,0.455,0.2,0.5,0.333,0.7,1.3,0.5,0.5,0.7,1.5,0.444,0.5,1,1.5,0.7,0,0.7,0.7,0.8,2.5,browngr01
68,Jaylen Brown,SF,27,BOS,54,54,33.4,8.7,17.3,0.501,2,5.6,0.348,6.7,11.7,0.575,0.557,3,4.2,0.716,1.1,4.5,5.5,3.7,1.1,0.5,2.4,2.7,22.3,brownja02
69,Kendall Brown,SG,20,IND,6,0,4.5,0.5,1,0.5,0,0.2,0,0.5,0.8,0.6,0.5,0.7,1,0.667,0.3,0,0.3,0.3,0,0,0,0.7,1.7,brownke03
70,Kobe Brown,PF,24,LAC,33,0,8.6,0.7,1.9,0.381,0.4,1.2,0.308,0.4,0.7,0.5,0.476,0,0.1,0.5,0.3,1.1,1.4,0.5,0.2,0.1,0.2,1.2,1.8,brownko01
71,Moses Brown,C,24,POR,10,4,9.1,1.2,2.4,0.5,0,0,,1.2,2.4,0.5,0.5,0.1,0.7,0.143,1.8,2.9,4.7,0.2,0.2,0.3,0.5,1.2,2.5,brownmo01
72,Troy Brown Jr.,SF,24,TOT,42,3,11.5,1.5,3.4,0.43,0.9,2.4,0.364,0.6,1,0.581,0.556,0.5,0.6,0.875,0.4,1.7,2.1,1,0.2,0,0.5,0.7,4.3,browntr01
72,Troy Brown Jr.,SF,24,MIN,37,3,11.1,1.4,3.2,0.441,0.8,2.3,0.369,0.6,0.9,0.618,0.572,0.5,0.6,0.864,0.4,1.6,1.9,0.9,0.2,0.1,0.5,0.7,4.2,browntr01
72,Troy Brown Jr.,SF,24,DET,5,0,14.8,1.8,4.8,0.375,1,3,0.333,0.8,1.8,0.444,0.479,0.4,0.4,1,0.4,2.8,3.2,1.2,0.2,0,0.6,1,5,browntr01
73,Jalen Brunson,PG,27,NYK,56,56,36.1,9.8,20.6,0.477,2.7,6.6,0.407,7.1,14,0.51,0.542,5.4,6.4,0.846,0.6,3.2,3.8,6.7,0.9,0.2,2.5,2,27.7,brunsja01
74,Thomas Bryant,C,26,MIA,25,3,10.4,1.8,3.1,0.571,0,0.2,0,1.8,2.9,0.603,0.571,0.7,0.9,0.818,1,2.1,3.1,0.6,0.2,0.2,0.6,1,4.2,bryanth01
75,Kobe Bufkin,SG,20,ATL,8,0,9.4,1.5,4,0.375,0.6,2,0.313,0.9,2,0.438,0.453,0.1,0.3,0.5,0.3,1.3,1.5,1.5,0.4,0.1,0.5,0.5,3.8,bufkiko01
76,Reggie Bullock,SF,32,HOU,25,0,8.9,0.8,2.1,0.404,0.6,1.6,0.39,0.2,0.4,0.455,0.558,0,0,1,0.1,1.3,1.4,0.4,0.2,0.1,0.2,0.6,2.4,bullore01
77,Alec Burks,SG,32,TOT,51,1,20.5,3.6,9.5,0.382,2.2,5.6,0.391,1.4,3.9,0.369,0.497,2.5,2.9,0.884,0.4,2.1,2.5,1.5,0.4,0.2,0.8,1.4,11.9,burksal01
77,Alec Burks,SG,32,DET,43,0,21,3.7,9.4,0.394,2.3,5.7,0.401,1.4,3.7,0.384,0.516,2.8,3.1,0.903,0.4,2.2,2.6,1.6,0.5,0.3,0.7,1.5,12.6,burksal01
77,Alec Burks,SG,32,NYK,8,1,17.9,3,9.5,0.316,1.5,4.6,0.324,1.5,4.9,0.308,0.395,1,1.5,0.667,0.5,1.4,1.9,0.9,0.1,0.1,1.1,0.9,8.5,burksal01
78,Jared Butler,SG,23,WAS,22,0,8.1,1.6,2.9,0.547,0.5,1.3,0.357,1.1,1.6,0.694,0.625,0.6,0.8,0.824,0.1,0.6,0.7,2,0.4,0.1,0.7,0.9,4.3,butleja02
79,Jimmy Butler,PF,34,MIA,40,40,33.9,6.7,13.4,0.501,1,2.3,0.44,5.7,11.2,0.513,0.538,7,8.2,0.854,2,3.5,5.6,4.7,1.4,0.4,1.7,1.1,21.5,butleji01
80,Jamal Cain,PF,24,MIA,16,1,14.1,1.8,4.3,0.42,0.5,1.6,0.308,1.3,2.7,0.488,0.478,1.1,1.4,0.783,0.8,1.2,2,0.3,0.6,0.3,0.3,1.1,5.3,cainja01
81,Kentavious Caldwell-Pope,SG,30,DEN,55,55,31.7,3.5,7.9,0.442,1.5,3.9,0.388,2,4,0.495,0.538,1.7,1.8,0.919,0.5,1.9,2.3,2.4,1.3,0.4,0.9,1.9,10.1,caldwke01
82,Toumani Camara,PF,23,POR,57,37,23.7,2.6,6.1,0.432,0.7,2.4,0.309,1.9,3.7,0.512,0.493,1,1.4,0.734,1.9,3,4.9,1.1,1,0.4,1.2,2.5,7,camarto01
83,Clint Capela,C,29,ATL,51,51,25.3,4.6,8.2,0.564,0,0,,4.6,8.2,0.564,0.564,1.8,2.7,0.652,4.7,5.7,10.4,0.9,0.5,1.6,0.9,2.4,11.1,capelca01
84,Jevon Carter,PG,28,CHI,57,0,13.5,1.9,5.1,0.371,1.1,3.3,0.332,0.8,1.8,0.442,0.478,0.1,0.1,0.6,0.1,0.7,0.8,1.2,0.5,0.2,0.5,1,4.9,carteje01
85,Wendell Carter Jr.,C,24,ORL,34,28,26,4.2,7.8,0.54,1.1,2.8,0.411,3.1,5,0.612,0.613,1.9,2.6,0.7,1.8,4.7,6.5,1.6,0.4,0.5,1.2,2.4,11.4,cartewe01
86,D.J. Carton,SG,23,TOR,2,0,5.5,1,1.5,0.667,0.5,1,0.5,0.5,0.5,1,0.833,1.5,1.5,1,0,0.5,0.5,1,0,0,0,1,4,cartodj01
87,Alex Caruso,SG,29,CHI,51,38,27.2,3.5,7.3,0.473,1.7,4.4,0.389,1.7,2.9,0.603,0.591,1.2,1.5,0.787,0.9,2.8,3.7,2.8,1.5,1.1,1.4,2.5,9.8,carusal01
88,Colin Castleton,C,23,LAL,7,0,5.1,1,1.4,0.7,0,0,,1,1.4,0.7,0.7,0.6,0.6,1,0.6,0.7,1.3,0.4,0,0,0.1,1,2.6,castlco01
89,Malcolm Cazalon,SG,22,DET,1,0,3,0,0,,0,0,,0,0,,,0,0,,0,0,0,0,0,0,0,0,0,cazalma01
90,Julian Champagnie,SF,22,SAS,53,38,16.8,1.9,4.8,0.398,1.2,3.4,0.359,0.7,1.4,0.493,0.526,0.8,1,0.808,0.6,2,2.6,1.2,0.6,0.5,0.6,1.1,5.8,champju02
91,Justin Champagnie,SF,22,WAS,3,0,5.3,1.7,3.3,0.5,0.3,1.7,0.2,1.3,1.7,0.8,0.55,0,0,,0,0.3,0.3,0.3,0.3,0.3,0.3,0,3.7,champju01
92,Max Christie,SG,20,LAL,48,7,16.6,1.8,4.1,0.426,0.7,2,0.351,1,2.1,0.5,0.513,0.7,0.9,0.786,0.3,2.2,2.5,1.1,0.4,0.3,0.6,1.1,4.9,chrisma02
93,Sidy Cissoko,SF,19,SAS,5,0,6.4,0.2,1.2,0.167,0,0.8,0,0.2,0.4,0.5,0.167,0.8,0.8,1,0,1.2,1.2,0,0.6,0,0.2,0.4,1.2,cissosi01
94,Jordan Clarkson,SG,31,UTA,50,19,30.3,6,14.6,0.41,1.7,5.6,0.295,4.3,9,0.481,0.466,3.2,3.7,0.88,0.9,2.5,3.4,5,0.6,0.1,2.7,1.4,16.8,clarkjo01
95,Nic Claxton,C,24,BRK,49,49,29.2,5.2,8.4,0.62,0,0.1,0.25,5.2,8.3,0.623,0.621,1.4,2.5,0.574,2.8,7,9.8,1.9,0.6,2.1,1.2,2.5,11.8,claxtni01
96,Noah Clowney,PF,19,BRK,7,0,9.9,1.6,2.6,0.611,0.1,0.6,0.25,1.4,2,0.714,0.639,0.9,0.9,1,0.9,1,1.9,0.9,0,0.1,0.4,0.7,4.1,clownno01
97,Amir Coffey,SF,26,LAC,46,9,18.6,2.2,4.1,0.537,0.9,2,0.426,1.3,2.1,0.646,0.642,0.9,1.1,0.878,0.4,1.3,1.7,0.9,0.5,0.1,0.4,1.3,6.2,coffeam01
98,John Collins,PF,26,UTA,56,54,27.9,5.6,10.8,0.521,1.2,3.4,0.342,4.4,7.3,0.605,0.575,1.9,2.4,0.789,2.3,6.1,8.5,1.2,0.6,0.8,1.5,2.8,14.3,collijo01
99,Zach Collins,C,26,SAS,48,24,23.4,4.4,9.1,0.478,0.9,3,0.294,3.5,6.2,0.568,0.526,1.7,2.3,0.748,1.7,3.6,5.4,3.1,0.5,0.7,2,3.1,11.4,colliza01
100,Mike Conley,PG,36,MIN,55,55,28.9,3.6,8,0.449,2.3,5.1,0.445,1.3,2.8,0.455,0.592,1.2,1.3,0.904,0.4,2.5,2.9,6.2,1,0.2,1.1,1.7,10.7,conlemi01
101,Pat Connaughton,SF,31,MIL,55,2,21.5,1.9,4.3,0.453,1.1,3,0.372,0.8,1.3,0.643,0.583,0.4,0.6,0.719,0.6,2.6,3.3,1.9,0.6,0.3,0.6,1.3,5.4,connapa01
102,Bilal Coulibaly,SF,19,WAS,56,8,26.7,2.9,6.7,0.442,1,2.8,0.357,2,3.9,0.502,0.516,1.3,2,0.682,0.9,3.1,4,1.7,0.9,0.8,1.4,2.1,8.2,coulibi01
103,Ricky Council IV,SG,22,PHI,19,0,9.5,1.9,4,0.487,0.2,0.9,0.235,1.7,3.1,0.559,0.513,2.2,2.8,0.759,0.6,1.4,2,0.4,0.1,0,0.2,0.4,6.3,councri01
104,Robert Covington,SF-PF,33,TOT,29,6,16.8,1.5,3.4,0.439,0.7,1.9,0.339,0.8,1.4,0.571,0.536,0.8,0.9,0.846,1.1,2.3,3.3,0.8,1.3,0.6,0.4,1.9,4.4,covinro01
104,Robert Covington,PF,33,LAC,3,3,23,1,3,0.333,0.7,2.7,0.25,0.3,0.3,1,0.444,0.3,0.7,0.5,0.7,2,2.7,2.3,2,0.7,0,2.3,3,covinro01
104,Robert Covington,SF,33,PHI,26,3,16.1,1.5,3.4,0.449,0.7,1.8,0.354,0.9,1.6,0.561,0.545,0.8,0.9,0.875,1.1,2.3,3.4,0.7,1.3,0.6,0.4,1.9,4.5,covinro01
105,Torrey Craig,SF,33,CHI,33,8,21,2.2,5.1,0.425,1.1,3,0.374,1,2.1,0.5,0.536,0.6,0.8,0.778,1.7,3.1,4.7,1.1,0.6,0.5,0.6,2.3,6.1,craigto01
106,Jae Crowder,PF,33,MIL,30,14,24.9,2.3,5.4,0.432,1.2,3.5,0.352,1.1,1.9,0.579,0.546,0.5,0.8,0.667,0.5,3.2,3.6,1.5,0.9,0.2,0.5,1.8,6.4,crowdja01
107,Jalen Crutcher,PG,24,NOP,1,0,3,0,1,0,0,0,,0,1,0,0,0,0,,0,0,0,0,0,0,0,0,0,crutcja01
108,Cade Cunningham,PG,22,DET,49,49,34,8.4,18.4,0.455,1.9,5.3,0.358,6.5,13.1,0.495,0.507,3.8,4.4,0.858,0.4,3.7,4.2,7.4,0.9,0.4,3.5,2.7,22.4,cunnica01
109,Seth Curry,SG,33,TOT,44,4,14,1.8,4.6,0.392,0.9,2.5,0.352,1,2.2,0.438,0.485,0.6,0.7,0.903,0.4,1.1,1.5,1,0.5,0.1,0.5,0.9,5.1,curryse01
109,Seth Curry,SG,33,DAL,36,3,12.7,1.5,4,0.372,0.8,2.2,0.363,0.7,1.8,0.385,0.472,0.5,0.5,0.895,0.4,1,1.4,0.8,0.5,0.1,0.4,0.9,4.3,curryse01
109,Seth Curry,SG,33,CHO,8,1,19.9,3.3,7.4,0.441,1.1,3.5,0.321,2.1,3.9,0.548,0.517,1.4,1.5,0.917,0.4,1.6,2,1.8,0.6,0.4,0.6,0.9,9,curryse01
110,Stephen Curry,PG,35,GSW,56,56,33.2,9,19.9,0.454,5,12.2,0.412,4,7.7,0.52,0.58,4.4,4.8,0.922,0.5,3.9,4.4,5,0.8,0.4,3,1.8,27.5,curryst01
111,Dyson Daniels,PG,20,NOP,52,15,21.9,2.2,4.9,0.438,0.6,2.1,0.291,1.5,2.8,0.548,0.5,0.6,1,0.64,1,2.7,3.7,2.6,1.4,0.4,1,1.6,5.5,daniedy01
112,Anthony Davis,C,30,LAL,57,57,35.8,9.6,17.2,0.559,0.3,1.3,0.264,9.3,15.9,0.582,0.568,5.6,6.9,0.813,3.1,9.2,12.3,3.6,1.1,2.4,2.1,2.4,25.1,davisan02
113,Johnny Davis,SG,21,WAS,29,0,9.8,1,2.8,0.346,0.1,0.4,0.154,0.9,2.3,0.382,0.358,0.1,0.3,0.444,0.4,0.9,1.3,0.4,0.3,0.1,0.2,0.9,2.1,davisjo06
114,JD Davison,SG,21,BOS,2,0,3,0,0.5,0,0,0.5,0,0,0,,0,1,1,1,0.5,0.5,1,0,0,0,0,0,1,davisjd01
115,Dexter Dennis,SG,24,DAL,4,0,7.5,2.5,4.8,0.526,0.3,2,0.125,2.3,2.8,0.818,0.553,0.3,0.8,0.333,0.3,2,2.3,1,0,0.3,0.8,0.3,5.5,dennide01
116,DeMar DeRozan,SF,34,CHI,58,58,37.8,7.8,16.6,0.466,0.9,2.8,0.335,6.8,13.9,0.493,0.494,6.3,7.3,0.858,0.6,3.6,4.2,5.3,1.1,0.6,1.4,2.2,22.7,derozde01
117,Moussa Diabaté,C,22,LAC,11,0,5.8,0.9,1.7,0.526,0,0,,0.9,1.7,0.526,0.526,0.8,1.3,0.643,1.4,0.8,2.2,0.4,0.5,0.1,0.2,0.4,2.6,diabamo01
118,Mamadi Diakite,PF,27,SAS,3,0,5.3,1.3,1.7,0.8,0,0,,1.3,1.7,0.8,0.8,1.3,2,0.667,0.3,0.7,1,0.7,0,0.3,0,0.3,4,diakima01
119,Hamidou Diallo,SG,25,WAS,2,0,2.5,0.5,1,0.5,0,0,,0.5,1,0.5,0.5,0,0,,1,0,1,0.5,1,0,0.5,0.5,1,diallha01
120,Gradey Dick,SG,20,TOR,39,1,16.1,2.3,5.2,0.441,1.2,3.1,0.378,1.2,2.2,0.529,0.551,0.6,0.6,0.92,0.4,1.4,1.8,1.2,0.5,0,0.6,1.3,6.4,dickgr01
121,Ousmane Dieng,PF,20,OKC,29,0,11.2,1.5,3.5,0.426,0.7,2.2,0.313,0.8,1.3,0.622,0.525,0.5,0.6,0.875,0.3,1.3,1.7,1.1,0.2,0.1,0.6,0.7,4.1,diengou01
122,Spencer Dinwiddie,PG,30,TOT,55,48,29.9,3.8,9.8,0.39,1.7,5.5,0.318,2.1,4.3,0.481,0.479,2.3,3,0.782,0.5,2.5,3,5.7,0.8,0.2,1.3,1.8,11.7,dinwisp01
122,Spencer Dinwiddie,PG,30,BRK,48,48,30.7,4.1,10.4,0.391,1.9,5.8,0.32,2.2,4.6,0.48,0.48,2.6,3.3,0.781,0.5,2.8,3.3,6,0.8,0.2,1.3,1.8,12.6,dinwisp01
122,Spencer Dinwiddie,PG,30,LAL,7,0,24.3,2.1,5.7,0.375,1,3.4,0.292,1.1,2.3,0.5,0.463,0.6,0.7,0.8,0,0.7,0.7,3.7,0.6,0.1,1.1,2,5.9,dinwisp01
123,Donte DiVincenzo,SG,27,NYK,59,41,25.7,5,11.1,0.449,3.2,7.7,0.41,1.8,3.4,0.54,0.592,0.9,1.3,0.716,0.8,2.5,3.4,2.4,1.2,0.4,1.2,2,14,divindo01
124,Luka Dončić,PG,24,DAL,52,52,37.4,11.7,23.6,0.496,3.9,10.2,0.379,7.8,13.4,0.584,0.577,7.2,9.2,0.781,0.8,8.1,8.9,9.7,1.5,0.6,3.8,2.1,34.5,doncilu01
125,Luguentz Dort,SF,24,OKC,57,57,28.4,3.6,8.2,0.439,1.9,4.9,0.396,1.7,3.4,0.503,0.557,1.5,1.8,0.819,1.1,2.7,3.8,1.3,0.9,0.7,0.9,3,10.7,dortlu01
126,Ayo Dosunmu,SG,24,CHI,58,19,26.8,4.1,8.3,0.495,1.4,3.6,0.406,2.7,4.8,0.562,0.582,0.9,1.2,0.783,0.7,2,2.7,2.7,0.8,0.4,1.2,2,10.6,dosunay01
127,Andre Drummond,C,30,CHI,60,10,17.3,3.5,6.3,0.554,0,0.1,0,3.5,6.2,0.559,0.554,1.5,2.6,0.577,3.5,5.5,9,0.5,1,0.7,1.1,1.8,8.5,drumman01
128,Chris Duarte,SF,26,SAC,42,11,13.3,1.4,3.6,0.375,0.7,2.1,0.345,0.6,1.5,0.415,0.474,0.5,0.6,0.778,0.4,1.4,1.9,0.8,0.5,0.1,0.5,1.5,3.9,duartch01
129,Kris Dunn,PG,29,UTA,52,27,18.2,2.3,4.7,0.48,0.7,1.7,0.395,1.6,3,0.525,0.549,0.3,0.5,0.68,0.7,2.1,2.8,4,1.1,0.4,1.3,1.9,5.5,dunnkr01
130,Kevin Durant,PF,35,PHO,52,52,37.2,10.1,19.1,0.528,2.2,5.2,0.422,7.9,13.9,0.567,0.585,5.5,6.4,0.859,0.6,6.1,6.7,5.7,0.9,1.3,3.2,1.8,27.9,duranke01
131,Jalen Duren,C,20,DET,44,43,30.2,6,9.6,0.626,0,0.1,0,6,9.5,0.63,0.626,2,2.6,0.757,3.3,8.7,12,2.6,0.5,0.9,2,3.3,14,durenja01
132,Tari Eason,PF,22,HOU,22,0,21.8,4,8.6,0.466,0.8,2.3,0.36,3.2,6.3,0.504,0.513,1,1.5,0.636,2.1,4.9,7,1.2,1.4,0.9,0.9,2.3,9.8,easonta01
133,Anthony Edwards,SG,22,MIN,57,57,34.8,9.1,19.6,0.466,2.5,6.7,0.381,6.6,12.9,0.51,0.531,5.5,6.6,0.843,0.5,4.7,5.2,5.1,1.2,0.5,3.2,1.9,26.3,edwaran01
134,Kessler Edwards,SF,23,SAC,39,0,4.8,0.5,1.4,0.396,0.3,0.8,0.364,0.2,0.5,0.45,0.509,0.1,0.2,0.667,0.1,0.6,0.8,0.2,0.1,0.1,0,0.5,1.5,edwarke02
135,Keon Ellis,SG,24,SAC,35,4,11.6,1.1,2.7,0.415,0.8,2.1,0.36,0.3,0.5,0.632,0.559,0.3,0.5,0.647,0.4,0.9,1.3,1.3,0.5,0.4,0.5,1.5,3.3,elliske01
136,Joel Embiid,C,29,PHI,34,34,34,11.8,22.2,0.533,1.2,3.3,0.366,10.6,18.9,0.562,0.56,10.5,11.9,0.883,2.6,8.7,11.3,5.7,1.1,1.8,3.7,2.9,35.3,embiijo01
137,Drew Eubanks,C,26,PHO,53,4,15.9,2.2,3.5,0.622,0.1,0.1,1,2.2,3.5,0.616,0.63,1,1.4,0.743,1.3,2.9,4.2,0.9,0.4,0.9,1,1.6,5.5,eubandr01
138,Tosan Evbuomwan,SF,22,TOT,6,0,15,1.2,3,0.389,0.5,1.5,0.333,0.7,1.5,0.444,0.472,0,0,,1.3,1.3,2.7,1,0.2,0.2,0.2,1,2.8,evbuoto01
138,Tosan Evbuomwan,SF,22,MEM,4,0,18.5,1,3.8,0.267,0.5,2,0.25,0.5,1.8,0.286,0.333,0,0,,2,1.5,3.5,1.5,0,0.3,0.3,1.3,2.5,evbuoto01
138,Tosan Evbuomwan,SF,22,DET,2,0,8,1.5,1.5,1,0.5,0.5,1,1,1,1,1.167,0,0,,0,1,1,0,0.5,0,0,0.5,3.5,evbuoto01
139,Dante Exum,PG,28,DAL,34,14,19.5,3.5,6.2,0.562,0.9,2,0.478,2.5,4.2,0.601,0.638,1,1.4,0.729,0.5,2.2,2.8,2.9,0.5,0.1,0.8,1.6,8.9,exumda01
140,Bruno Fernando,C,25,ATL,22,1,10.4,1.8,3.2,0.549,0,0.1,0,1.8,3.1,0.574,0.549,1,1.7,0.605,1.1,2,3,0.6,0.4,0.5,0.5,1.5,4.6,fernabr01
141,Dorian Finney-Smith,PF,30,BRK,50,39,27.7,3.2,7.6,0.414,1.9,5.1,0.369,1.3,2.5,0.504,0.537,0.4,0.6,0.679,1.6,3.1,4.7,1.4,0.7,0.6,0.8,2.3,8.6,finnedo01
142,Adam Flagler,SG,24,OKC,1,0,6,0,3,0,0,3,0,0,0,,0,0,0,,0,0,0,1,0,0,0,0,0,flaglad01
143,Malachi Flynn,PG,25,TOT,52,0,11.6,1.5,3.7,0.396,0.7,2,0.34,0.8,1.7,0.465,0.49,0.5,0.7,0.757,0.3,1.3,1.5,1.7,0.4,0.1,0.8,1,4.2,flynnma01
143,Malachi Flynn,PG,25,TOR,31,0,15.3,1.8,4.4,0.409,0.9,2.6,0.35,0.9,1.8,0.491,0.511,0.5,0.7,0.773,0.4,1.7,2.1,2.4,0.6,0.2,1.1,1.4,5.1,flynnma01
143,Malachi Flynn,PG,25,NYK,14,0,4.3,0.6,1.6,0.391,0.3,0.9,0.308,0.4,0.7,0.5,0.478,0.6,0.8,0.818,0,0.4,0.4,0.4,0.1,0,0.2,0.2,2.2,flynnma01
143,Malachi Flynn,PG,25,DET,7,0,9.6,1.6,4.6,0.344,0.6,1.9,0.308,1,2.7,0.368,0.406,0.3,0.6,0.5,0,1.3,1.3,1.3,0.4,0,0.7,0.7,4,flynnma01
144,Simone Fontecchio,SF,28,TOT,58,39,23.8,3.5,7.8,0.454,1.9,4.8,0.395,1.6,2.9,0.55,0.576,0.6,0.8,0.771,1,2.5,3.5,1.5,0.6,0.3,1,1.6,9.6,fontesi01
144,Simone Fontecchio,SF,28,UTA,50,34,23.2,3.2,7.2,0.45,1.8,4.7,0.391,1.4,2.5,0.56,0.577,0.6,0.8,0.8,1,2.5,3.5,1.5,0.6,0.4,1,1.6,8.9,fontesi01
144,Simone Fontecchio,SF,28,DET,8,5,27.8,5.5,11.8,0.468,2.5,6,0.417,3,5.8,0.522,0.574,0.6,1,0.625,0.8,2.5,3.3,1.8,0.9,0,0.9,1.5,14.1,fontesi01
145,Jordan Ford,PG,25,SAC,6,0,3.7,0.7,1.2,0.571,0.3,0.5,0.667,0.3,0.7,0.5,0.714,0.3,0.3,1,0,0.3,0.3,0.3,0,0,0.2,0,2,fordjo01
146,Trent Forrest,SG,25,ATL,21,0,10.3,0.7,2.3,0.313,0.1,0.3,0.286,0.6,2,0.317,0.333,0.4,0.5,0.8,0.2,1,1.2,2,0.3,0,0.5,0.9,1.9,forretr01
147,Evan Fournier,SG,31,TOT,10,0,16.5,2.3,6.1,0.377,1.2,3.9,0.308,1.1,2.2,0.5,0.475,1,1.2,0.833,0.2,1.9,2.1,0.8,1.1,0.2,0.9,1.4,6.8,fournev01
147,Evan Fournier,SG,31,NYK,3,0,13,1.3,6.7,0.2,0.7,5,0.133,0.7,1.7,0.4,0.25,0.7,0.7,1,0,1.3,1.3,1,1.3,0,0.3,1.3,4,fournev01
147,Evan Fournier,SG,31,DET,7,0,18,2.7,5.9,0.463,1.4,3.4,0.417,1.3,2.4,0.529,0.585,1.1,1.4,0.8,0.3,2.1,2.4,0.7,1,0.3,1.1,1.4,8,fournev01
148,De'Aaron Fox,PG,26,SAC,51,51,35.6,9.8,20.7,0.471,2.8,7.6,0.369,6.9,13.1,0.531,0.539,4.5,6.4,0.709,0.9,3.3,4.2,5.6,1.9,0.4,2.7,2.6,26.9,foxde01
149,Javon Freeman-Liberty,PG,24,TOR,3,0,1.7,0.3,1,0.333,0,0,,0.3,1,0.333,0.333,0,0,,0.3,0,0.3,0,0,0,0,0,0.7,freemja01
150,Alex Fudge,SF,20,LAL,4,0,3.5,0.3,1.5,0.167,0,0.5,0,0.3,1,0.25,0.167,0.5,0.5,1,0.5,0,0.5,0,0,0,0.3,0.3,1,fudgeal01
151,Markelle Fultz,PG,25,ORL,24,15,23.3,3.8,7.9,0.479,0,0.4,0.111,3.8,7.5,0.497,0.482,0.6,1,0.6,1.4,2.1,3.5,3.4,1.3,0.3,1.2,1.6,8.3,fultzma01
152,Daniel Gafford,C-PF,25,TOT,53,47,25.1,4.4,6.5,0.684,0,0,,4.4,6.5,0.684,0.684,1.8,2.5,0.711,2.9,5,7.9,1.4,0.9,2,1,3.1,10.6,gaffoda01
152,Daniel Gafford,C,25,WAS,45,45,26.5,4.5,6.5,0.69,0,0,,4.5,6.5,0.69,0.69,1.9,2.6,0.706,2.9,5.1,8,1.5,1,2.2,1,3.3,10.9,gaffoda01
152,Daniel Gafford,PF,25,DAL,8,2,17.3,3.9,6,0.646,0,0,,3.9,6,0.646,0.646,1.5,2,0.75,2.8,4.4,7.1,0.8,0.4,1.4,1.1,2.3,9.3,gaffoda01
153,Danilo Gallinari,PF-SF,35,TOT,37,0,14.1,1.9,4.5,0.436,0.7,2.2,0.338,1.2,2.3,0.529,0.518,1.9,2.3,0.857,0.5,2.1,2.6,1.3,0.2,0.1,0.4,1.1,6.6,gallida01
153,Danilo Gallinari,PF,35,WAS,26,0,14.8,2.2,5,0.435,0.8,2.5,0.313,1.4,2.6,0.552,0.511,1.8,2.2,0.839,0.5,2.5,2.9,1.2,0.2,0.1,0.5,1,7,gallida01
153,Danilo Gallinari,SF,35,DET,6,0,15,2,3.7,0.545,1.2,2,0.583,0.8,1.7,0.5,0.705,3.5,4,0.875,0.3,2,2.3,2,0.3,0.3,0.2,1.5,8.7,gallida01
153,Danilo Gallinari,SF,35,MIL,5,0,9.4,0.6,2.4,0.25,0,0.8,0,0.6,1.6,0.375,0.25,0.8,0.8,1,0.6,0.4,1,0.8,0.2,0,0.4,1.2,2,gallida01
154,Darius Garland,PG,24,CLE,35,35,32.7,6.6,14.4,0.457,2.1,5.6,0.367,4.5,8.8,0.515,0.529,3.1,3.7,0.852,0.5,1.9,2.4,6.1,1.3,0.1,3.2,1.5,18.4,garlada01
155,Usman Garuba,PF,21,GSW,3,0,2.7,0,0.3,0,0,0,,0,0.3,0,0,0,0,,0.3,0,0.3,0.3,0.3,0,0,0.7,0,garubus01
156,Luka Garza,C,25,MIN,14,0,2.9,0.8,1.8,0.44,0.2,0.6,0.333,0.6,1.1,0.5,0.5,0.6,0.9,0.667,0.4,0.4,0.8,0.1,0,0,0.1,0.8,2.4,garzalu01
157,Kaiser Gates,SF,27,NOP,1,0,7,0,4,0,0,2,0,0,2,0,0,0,0,,0,1,1,0,0,0,0,0,0,gateska01
158,Keyonte George,PG,20,UTA,54,23,25.4,3.8,9.8,0.389,1.9,5.5,0.349,1.9,4.4,0.438,0.486,2.3,2.8,0.827,0.3,2.5,2.8,4.5,0.5,0.1,2.1,1.1,11.8,georgke01
159,Paul George,PF,33,LAC,53,53,33.8,7.8,17.1,0.457,3.2,8.2,0.394,4.6,8.9,0.515,0.551,3.3,3.7,0.903,0.5,4.8,5.4,3.6,1.6,0.4,2,2.8,22.1,georgpa01
160,Taj Gibson,PF,38,NYK,16,1,10.3,0.4,1.4,0.304,0,0.4,0,0.4,1.1,0.412,0.304,0.1,0.1,1,0.6,1.1,1.8,0.6,0.1,0.4,0.3,1.8,1,gibsota01
161,Josh Giddey,SG,21,OKC,58,58,24.6,4.5,10.2,0.447,0.9,2.9,0.321,3.6,7.3,0.496,0.492,1.2,1.4,0.821,1.3,4.8,6.1,4.4,0.7,0.5,2,1.3,11.2,giddejo01
162,Harry Giles,C,25,BRK,16,0,5.1,1.4,2.8,0.5,0.2,0.7,0.273,1.2,2.1,0.576,0.534,0.4,0.8,0.538,0.8,0.9,1.6,0.4,0.1,0.2,0.4,0.9,3.4,gilesha01
163,Shai Gilgeous-Alexander,PG,25,OKC,58,58,34.4,11,20.1,0.548,1.3,3.3,0.392,9.7,16.7,0.579,0.58,7.9,8.9,0.882,0.9,4.7,5.6,6.5,2.1,0.9,2.1,2.5,31.2,gilgesh01
164,Anthony Gill,PF,31,WAS,32,0,5.4,0.7,1.6,0.46,0.1,0.4,0.231,0.6,1.2,0.541,0.49,0.5,0.6,0.75,0.4,0.8,1.2,0.4,0.2,0.2,0.5,0.4,2,gillan01
165,Collin Gillespie,PG,24,DEN,19,0,8.5,1.2,2.4,0.511,0.6,1.3,0.458,0.6,1.1,0.571,0.633,0.3,0.4,0.625,0.1,0.6,0.6,0.8,0.5,0,0.5,0.9,3.3,gilleco01
166,Jacob Gilyard,PG,25,MEM,37,14,17.7,1.6,3.9,0.417,1.4,3.2,0.425,0.2,0.6,0.375,0.594,0.1,0.1,1,0.2,0.9,1.2,3.5,0.7,0.1,0.8,0.9,4.7,gilyaja01
167,Rudy Gobert,C,31,MIN,58,58,33.6,5.2,8,0.646,0,0.1,0,5.2,8,0.65,0.646,3.3,5.1,0.636,3.6,9.1,12.7,1.2,0.6,2.1,1.5,3,13.6,goberru01
168,Jordan Goodwin,PG,25,TOT,44,3,15.4,2,5.3,0.38,0.6,2.1,0.29,1.4,3.2,0.44,0.438,0.7,0.8,0.784,1.1,2,3.1,2.1,0.7,0.3,0.8,1.1,5.3,goodwjo01
168,Jordan Goodwin,PG,25,PHO,40,0,14,1.9,4.8,0.389,0.6,2,0.288,1.3,2.8,0.46,0.448,0.6,0.7,0.862,1,1.9,2.9,2,0.6,0.2,0.7,1.1,5,goodwjo01
168,Jordan Goodwin,PG,25,MEM,4,3,29.5,3.5,10.3,0.341,1,3.3,0.308,2.5,7,0.357,0.39,1,2,0.5,2,3.3,5.3,4,1.8,1.3,1.8,1.3,9,goodwjo01
169,Aaron Gordon,PF,28,DEN,54,54,31.5,5.5,9.8,0.557,0.5,1.8,0.293,4.9,8,0.618,0.585,2.4,3.7,0.652,2.4,4.1,6.5,3.2,0.9,0.7,1.5,1.9,13.9,gordoaa01
170,Eric Gordon,SG,35,PHO,49,24,29.8,4.6,10,0.457,2.5,6.3,0.389,2.1,3.6,0.576,0.581,0.9,1.1,0.815,0.3,1.8,2.1,2.2,1,0.5,1.3,1.3,12.5,gordoer01
171,Devonte' Graham,PG,28,SAS,12,0,8.3,0.9,2.5,0.367,0.6,1.8,0.318,0.3,0.7,0.5,0.483,0.5,0.7,0.75,0.2,1.2,1.3,1.6,0.3,0.1,0.3,0.3,2.9,grahade01
172,Jerami Grant,PF,29,POR,51,51,34.1,7.3,16.1,0.452,2.1,5.2,0.404,5.2,10.9,0.476,0.518,4.8,5.9,0.811,0.7,2.9,3.7,2.8,0.8,0.6,2.1,2.2,21.4,grantje01
173,A.J. Green,SG,24,MIL,40,0,9.2,1.5,3.3,0.443,1.2,2.8,0.425,0.3,0.5,0.556,0.626,0.3,0.3,0.909,0.2,0.9,1.1,0.6,0.1,0.1,0.1,0.9,4.4,greenaj01
174,Danny Green,SG,36,PHI,2,0,9,0,1,0,0,0.5,0,0,0.5,0,0,0,0,,0,1,1,0.5,0.5,0,0,0.5,0,greenda02
175,Draymond Green,PF,33,GSW,35,32,26.7,3.4,6.8,0.502,1.1,2.4,0.446,2.4,4.5,0.532,0.579,1.2,1.6,0.768,1.3,5.8,7.1,5.9,0.8,0.9,2.4,3,9.1,greendr01
176,Jalen Green,SG,21,HOU,59,59,30.5,6.2,15.3,0.404,2.1,6.7,0.312,4.1,8.6,0.476,0.473,3.5,4.3,0.808,0.4,4.4,4.8,3.3,0.7,0.3,2.2,1.3,17.9,greenja05
177,Jeff Green,PF,37,HOU,57,5,16.7,2,4.2,0.473,0.5,1.5,0.314,1.5,2.7,0.562,0.529,1.7,2.1,0.815,0.6,1.5,2.1,0.9,0.2,0.4,0.7,1.4,6.1,greenje02
178,Josh Green,SG,23,DAL,47,30,27.5,3.4,6.9,0.489,1.4,3.5,0.41,1.9,3.3,0.573,0.594,0.7,1.1,0.66,0.7,2.6,3.3,2.5,0.9,0.1,1.1,2,8.9,greenjo02
179,AJ Griffin,SF,20,ATL,18,0,7.3,0.7,2.5,0.289,0.5,1.8,0.273,0.2,0.7,0.333,0.389,0.1,0.1,1,0.1,0.7,0.8,0.2,0.1,0.1,0.3,0.3,2.1,griffaj01
180,Quentin Grimes,SG,23,TOT,49,18,20.2,2.4,6.4,0.382,1.7,4.7,0.351,0.8,1.7,0.47,0.511,0.6,0.8,0.73,0.3,1.7,2,1.2,0.7,0.1,0.5,1.4,7.1,grimequ01
180,Quentin Grimes,SG,23,NYK,45,18,20.2,2.5,6.4,0.395,1.7,4.7,0.363,0.8,1.6,0.486,0.53,0.5,0.8,0.706,0.3,1.6,2,1.2,0.7,0.1,0.5,1.5,7.3,grimequ01
180,Quentin Grimes,SG,23,DET,4,0,19.8,1.8,7,0.25,1,4.8,0.211,0.8,2.3,0.333,0.321,0.8,0.8,1,0,2,2,2,1,1,1.3,1,5.3,grimequ01
181,Mouhamadou Gueye,PF,25,TOR,1,0,6,1,3,0.333,0,0,,1,3,0.333,0.333,0,0,,2,1,3,0,0,2,0,1,2,gueyemo01
182,Mouhamed Gueye,PF,21,ATL,2,0,2,0,0.5,0,0,0.5,0,0,0,,0,0,0,,0,0,0,0,0.5,0,0,0.5,0,gueyemo02
183,Rui Hachimura,PF,25,LAL,47,18,25,4.7,9.1,0.513,1.3,3.1,0.401,3.4,6,0.571,0.582,1.5,2,0.726,0.8,3,3.8,1,0.7,0.3,0.7,1.4,12,hachiru01
184,Ashton Hagans,PG,24,POR,8,1,13.6,1.3,3,0.417,0,0.5,0,1.3,2.5,0.5,0.417,0.5,0.8,0.667,0.6,1,1.6,1.8,0.3,0.6,0.8,2,3,haganas01
185,Tyrese Haliburton,PG,23,IND,48,47,31.9,7.5,15.6,0.485,3,7.8,0.387,4.5,7.8,0.583,0.582,2.9,3.4,0.847,0.5,3.2,3.7,11.4,1.1,0.6,2.3,0.9,21,halibty01
186,R.J. Hampton,PG,22,MIA,8,2,9.5,0.5,1.8,0.286,0.1,1,0.125,0.4,0.8,0.5,0.321,0.1,0.3,0.5,0.3,0.5,0.8,1,0,0,0.4,1,1.3,hamptrj01
187,Tim Hardaway Jr.,SF,31,DAL,57,10,29.3,5.7,13.9,0.413,3.1,8.4,0.363,2.7,5.5,0.489,0.523,2.2,2.5,0.875,0.3,3.3,3.6,1.7,0.5,0.1,1,1.5,16.7,hardati02
188,James Harden,PG,34,LAC,53,53,34.5,5.2,11.5,0.451,2.8,6.8,0.416,2.3,4.7,0.502,0.574,4.5,5.1,0.881,0.5,4.6,5.1,8.3,1.1,0.9,2.6,1.9,17.6,hardeja01
189,Jaden Hardy,SG,21,DAL,54,6,14.8,2.9,7.1,0.407,1.3,3.6,0.365,1.6,3.6,0.448,0.497,0.7,1,0.717,0.3,1.6,1.9,1.6,0.3,0.1,0.7,1.1,7.8,hardyja02
190,Ron Harper Jr.,PF,23,TOR,1,0,4,0,0,,0,0,,0,0,,,0,0,,0,0,0,1,0,0,0,2,0,harpero02
191,Gary Harris,SG,29,ORL,37,10,22.8,2.5,5.6,0.449,1.4,3.8,0.369,1.1,1.8,0.621,0.575,0.7,0.9,0.771,0.5,1.2,1.7,1.7,0.9,0.3,0.5,1.7,7.2,harriga01
192,Joe Harris,SG,32,DET,16,0,10.6,0.9,2.4,0.359,0.6,1.9,0.333,0.3,0.6,0.444,0.487,0.1,0.1,0.5,0.2,0.6,0.8,0.6,0.2,0.1,0.3,1.2,2.4,harrijo01
193,Kevon Harris,SG,26,ORL,2,0,3,1,1.5,0.667,0,0,,1,1.5,0.667,0.667,0,0,,0,1,1,0.5,0,0,0.5,1.5,2,harrike01
194,Tobias Harris,PF,31,PHI,53,53,33.8,6.7,13.4,0.498,1.2,3.5,0.351,5.5,9.9,0.549,0.544,2.9,3.2,0.899,1.1,5,6.1,3.2,1,0.6,1.4,1.7,17.5,harrito02
195,Shaquille Harrison,SG,30,MEM,3,0,2,0.3,0.7,0.5,0,0,,0.3,0.7,0.5,0.5,0,0,,0,0.7,0.7,0,0,0.3,0,0,0.7,harrish01
196,Josh Hart,SF,28,NYK,59,20,31,3.3,7.7,0.425,1,3.2,0.319,2.3,4.6,0.498,0.49,1,1.3,0.769,1.4,6,7.4,3.4,0.8,0.3,1.3,1.9,8.6,hartjo01
197,Isaiah Hartenstein,C,25,NYK,54,28,25.2,2.7,4.5,0.612,0,0.1,0.333,2.7,4.4,0.615,0.614,1.4,2,0.729,3.4,5.1,8.5,2.1,1.1,1.1,1.2,2.8,6.9,harteis01
198,Sam Hauser,SF,26,BOS,58,6,21.1,2.7,6.1,0.447,2.2,5.2,0.416,0.5,0.8,0.646,0.627,0.3,0.3,0.882,0.6,2.7,3.3,0.9,0.4,0.3,0.5,1.3,7.8,hausesa01
199,Jordan Hawkins,SG,21,NOP,54,10,19.7,3.1,7.8,0.393,1.9,5.2,0.373,1.1,2.6,0.434,0.517,1.2,1.4,0.853,0.5,2.1,2.6,1.2,0.3,0.1,0.7,1.2,9.3,hawkijo01
200,Jaxson Hayes,C,23,LAL,50,3,11.2,1.6,2.3,0.693,0,0.1,0,1.6,2.1,0.738,0.693,0.6,0.9,0.596,0.8,1.6,2.4,0.4,0.5,0.4,0.4,1.6,3.7,hayesja02
201,Killian Hayes,PG,22,DET,42,31,24,2.8,6.7,0.413,0.5,1.8,0.297,2.3,5,0.455,0.452,0.8,1.2,0.66,0.3,2.6,2.8,4.9,0.9,0.5,1.2,1.8,6.9,hayeski01
202,Gordon Hayward,SF,33,TOT,30,25,29,4.8,10.6,0.454,0.7,2,0.361,4.1,8.5,0.477,0.489,2.2,2.8,0.774,1,3.6,4.5,4,0.9,0.4,1.7,1.6,12.5,haywago01
202,Gordon Hayward,SF,33,CHO,25,25,31.9,5.6,11.9,0.468,0.9,2.4,0.361,4.7,9.4,0.496,0.505,2.5,3.2,0.765,1,3.7,4.7,4.6,1.1,0.5,2,1.8,14.5,haywago01
202,Gordon Hayward,SF,33,OKC,5,0,14.4,1,4,0.25,0,0,,1,4,0.25,0.25,0.6,0.6,1,0.8,3,3.8,0.8,0,0,0.2,0.4,2.6,haywago01
203,Scoot Henderson,PG,19,POR,43,16,27,4.4,11.8,0.375,1.2,3.9,0.31,3.2,7.9,0.408,0.427,2.8,3.4,0.818,0.9,2.1,3,4.7,0.6,0.2,3,3,12.9,hendesc01
204,Taylor Hendricks,PF,20,UTA,21,4,17,2.1,5,0.415,1,3,0.328,1.1,2,0.548,0.514,0.4,0.5,0.818,1.1,2.5,3.6,0.5,0.7,0.5,0.8,1.6,5.6,hendrita01
205,Tyler Herro,SG,24,MIA,36,36,33.6,7.9,18,0.437,3.3,8.1,0.399,4.6,9.9,0.468,0.527,1.8,2.2,0.835,0.5,4.8,5.3,4.4,0.8,0.1,2.1,1.4,20.8,herroty01
206,Buddy Hield,SF-SG,31,TOT,61,37,27,4.7,10.5,0.445,2.8,7.1,0.39,1.9,3.3,0.564,0.578,0.5,0.6,0.838,0.6,2.6,3.2,3.1,0.9,0.5,1.3,2.2,12.6,hieldbu01
206,Buddy Hield,SF,31,IND,52,28,25.7,4.4,9.9,0.443,2.6,6.9,0.384,1.8,3.1,0.575,0.575,0.5,0.6,0.848,0.7,2.6,3.2,2.7,0.8,0.6,1.2,2,12,hieldbu01
206,Buddy Hield,SG,31,PHI,9,9,34.3,6.1,13.4,0.455,3.7,8.8,0.418,2.4,4.7,0.524,0.591,0.3,0.4,0.75,0.6,2.8,3.3,5.7,1.1,0.1,2,3.2,16.2,hieldbu01
207,Haywood Highsmith,PF,27,MIA,43,24,21,2.2,5,0.437,1.1,3,0.378,1.1,2,0.523,0.549,0.5,0.6,0.808,0.9,2,2.9,1,1,0.5,0.6,2,6,highsha01
208,Nate Hinton,SG,24,HOU,11,0,5.3,0.9,1.8,0.5,0.6,1,0.636,0.3,0.8,0.333,0.675,0.4,0.5,0.8,0.3,0.8,1.1,0.5,0.2,0.2,0.2,0.9,2.8,hintona01
209,D'Moi Hodge,SG,25,LAL,7,0,5.9,0.7,2.1,0.333,0.4,1.7,0.25,0.3,0.4,0.667,0.433,0.1,0.3,0.5,0,0,0,0.7,0.1,0.1,0.1,0.6,2,hodgedm01
210,Aaron Holiday,PG,27,HOU,56,1,17.3,2.5,5.5,0.455,1.2,3,0.41,1.3,2.6,0.507,0.565,0.7,0.8,0.889,0.3,1.4,1.7,1.8,0.5,0.1,0.8,1.6,7,holidaa01
211,Jrue Holiday,PG,33,BOS,54,54,33.2,4.9,10.3,0.481,2.1,4.6,0.449,2.9,5.7,0.506,0.581,1,1.3,0.824,1.3,4.4,5.7,4.9,0.9,0.7,1.9,1.6,13,holidjr01
212,Justin Holiday,SG,34,DEN,37,9,14,1.4,3.1,0.447,0.9,2.2,0.395,0.5,0.9,0.576,0.588,0.1,0.1,0.75,0.2,1.1,1.2,0.9,0.6,0.1,0.2,1.3,3.7,holidju01
213,Richaun Holmes,C-PF,30,TOT,30,2,10.4,1.6,2.8,0.553,0,0,1,1.5,2.8,0.548,0.559,0.5,0.9,0.615,1.3,2,3.3,0.5,0.1,0.4,0.5,1.4,3.7,holmeri01
213,Richaun Holmes,C,30,DAL,23,2,10.3,1.4,2.6,0.559,0,0,,1.4,2.6,0.559,0.559,0.5,0.9,0.571,1.4,2,3.4,0.7,0.1,0.4,0.5,1.4,3.4,holmeri01
213,Richaun Holmes,PF,30,WAS,7,0,10.7,2,3.7,0.538,0.1,0.1,1,1.9,3.6,0.52,0.558,0.6,0.7,0.8,1,2,3,0.1,0.1,0.3,0.6,1.4,4.7,holmeri01
214,Chet Holmgren,C,21,OKC,59,59,30.2,6.5,11.9,0.544,1.7,4.3,0.398,4.7,7.6,0.628,0.617,2.5,3.2,0.784,1.6,6.2,7.7,2.7,0.7,2.6,1.7,2.6,17.2,holmgch01
215,Jalen Hood-Schifino,SG,20,LAL,19,0,5.4,0.5,2.2,0.244,0.1,0.7,0.154,0.4,1.5,0.286,0.268,0.6,0.9,0.611,0.1,0.5,0.6,0.4,0.2,0.1,0.5,0.7,1.7,hoodsja01
216,Al Horford,C,37,BOS,49,22,27,3,6.1,0.495,1.6,3.8,0.404,1.5,2.3,0.649,0.622,0.3,0.4,0.85,1.3,5.4,6.7,2.7,0.5,1,0.7,1.5,7.9,horfoal01
217,Talen Horton-Tucker,PG,23,UTA,37,11,19.9,3.7,9.1,0.409,1.1,3.4,0.325,2.6,5.7,0.46,0.47,1.8,2.2,0.795,0.5,1.9,2.5,3.8,1,0.3,1.5,1.9,10.4,hortota01
218,Danuel House Jr.,SF,30,PHI,34,4,15,1.4,3.1,0.448,0.4,1.5,0.3,0.9,1.6,0.582,0.519,1,1.4,0.761,0.5,1.2,1.7,0.8,0.4,0.1,0.6,1.3,4.2,houseda01
219,Caleb Houstan,SF,21,ORL,43,9,15.4,1.6,4,0.398,1.4,3.7,0.381,0.2,0.3,0.636,0.576,0.4,0.5,0.773,0.5,1.2,1.7,0.6,0.3,0.1,0.3,1.2,5,houstca01
220,Jett Howard,SF,20,ORL,13,0,3.8,0.6,1.7,0.364,0.4,1.3,0.294,0.2,0.4,0.6,0.477,0.2,0.3,0.5,0.1,0.3,0.4,0.2,0,0.1,0.2,0.2,1.8,howarje01
221,Kevin Huerter,SG,25,SAC,57,52,25.3,4.1,9.2,0.449,2.1,5.6,0.369,2.1,3.6,0.576,0.562,0.6,0.8,0.766,0.6,3.1,3.6,2.6,0.6,0.4,0.8,2.1,10.9,huertke01
222,Jay Huff,C,25,DEN,12,0,2.8,0.5,0.9,0.545,0.3,0.7,0.375,0.3,0.3,1,0.682,0.2,0.2,1,0.1,0.7,0.8,0.1,0.1,0,0.1,0.6,1.4,huffja01
223,De'Andre Hunter,SF,26,ATL,35,24,28.2,5.1,10.6,0.478,1.9,4.6,0.416,3.1,6,0.526,0.569,3.2,3.6,0.89,0.6,3.3,3.9,1.3,0.8,0.3,1.3,2.7,15.3,huntede01
224,Matthew Hurt,PF,23,MEM,5,0,13.6,1.4,4,0.35,0.6,2.2,0.273,0.8,1.8,0.444,0.425,0.6,0.6,1,1,0.8,1.8,0.6,0,0.4,0,0.6,4,hurtma01
225,Bones Hyland,PG,23,LAC,20,2,13.4,2.3,6.4,0.354,1,3.4,0.294,1.3,3,0.424,0.433,0.5,0.6,0.833,0.2,0.7,0.9,2,0.5,0.1,1.2,1.4,6,hylanbo01
226,Joe Ingles,SF,36,ORL,46,0,17.3,1.6,3.8,0.417,1.1,2.6,0.417,0.5,1.2,0.418,0.56,0.4,0.5,0.857,0.3,1.9,2.2,3,0.7,0.1,0.9,1.4,4.7,inglejo01
227,Brandon Ingram,SF,26,NOP,55,55,33.3,8.1,16.6,0.491,1.4,4,0.361,6.7,12.6,0.532,0.534,4.2,5.2,0.804,0.7,4.3,5,5.8,0.8,0.6,2.6,2.3,21.9,ingrabr01
228,Kyrie Irving,SG,31,DAL,38,38,34.2,9.8,19.9,0.491,2.9,7.1,0.418,6.8,12.8,0.532,0.566,3.2,3.6,0.891,0.8,4.3,5.1,5.1,1.2,0.5,1.6,1.9,25.7,irvinky01
229,Jonathan Isaac,PF,26,ORL,40,1,14.8,2.3,4.8,0.479,0.5,1.7,0.299,1.8,3.1,0.577,0.532,1.1,1.6,0.71,1.3,3,4.2,0.5,0.7,1.2,0.5,1.1,6.2,isaacjo01
230,Jaden Ivey,SG,21,DET,55,39,28,5.3,11.9,0.445,1.5,4.4,0.349,3.8,7.5,0.501,0.509,3,4.1,0.741,1.2,2.3,3.6,3.7,0.7,0.6,2.4,2.9,15.1,iveyja01
231,Andre Jackson Jr.,SG,22,MIL,47,8,10.6,1,1.9,0.529,0.3,0.9,0.375,0.7,1,0.66,0.615,0.2,0.2,0.727,0.8,1.2,2,0.9,0.3,0.1,0.4,1.7,2.4,jacksan01
232,GG Jackson II,PF,19,MEM,27,1,20.1,3.9,8.8,0.443,1.7,4.4,0.392,2.1,4.3,0.496,0.542,1.7,2.4,0.682,1,2.4,3.4,0.7,0.4,0.6,1,1.2,11.2,jacksgg01
233,Isaiah Jackson,C,22,IND,46,3,13.7,2.8,4.3,0.662,0,0.1,0,2.8,4.2,0.675,0.662,1.3,1.9,0.709,1.6,2.6,4.2,0.9,0.6,1.1,0.8,2.5,7,jacksis01
234,Jaren Jackson Jr.,C,24,MEM,54,54,31.9,7.7,17.3,0.446,1.9,5.7,0.325,5.9,11.6,0.506,0.499,5.1,6.3,0.818,1.2,4.3,5.5,2.1,1.1,1.5,2.4,3.5,22.4,jacksja02
235,Justin Jackson,SF,28,MIN,2,0,0.5,0,0,,0,0,,0,0,,,0,0,,0,0,0,0,0,0,0,0,0,jacksju01
236,Reggie Jackson,PG,33,DEN,60,16,23,4.2,9.4,0.449,1.2,3.5,0.354,3,5.9,0.506,0.515,0.9,1.1,0.776,0.4,1.6,2,3.9,0.6,0.2,1.3,1.9,10.5,jacksre01
237,Trayce Jackson-Davis,PF,23,GSW,46,3,12.9,2.8,4,0.69,0,0,,2.8,4,0.69,0.69,1,1.8,0.578,1.6,2.3,3.9,0.9,0.3,0.8,0.6,1.6,6.6,jackstr02
238,LeBron James,PF,39,LAL,53,53,35,9.5,18.2,0.525,2.2,5.5,0.408,7.3,12.7,0.576,0.587,3.9,5.4,0.736,0.9,6.2,7.1,7.9,1.2,0.6,3.2,1.2,25.3,jamesle01
239,Jaime Jaquez Jr.,SF,22,MIA,53,17,29.5,4.9,10,0.492,0.9,2.8,0.318,4,7.2,0.559,0.536,2,2.4,0.814,1.3,2.7,3.9,2.6,1.1,0.2,1.7,2.3,12.7,jaqueja01
240,DaQuan Jeffries,SG,26,NYK,13,0,2.6,0.4,1.1,0.357,0.1,0.5,0.143,0.3,0.5,0.571,0.393,0,0.2,0,0,0.4,0.4,0.2,0,0,0.1,0.2,0.8,jeffrda01
241,Trey Jemison,C,24,TOT,10,4,17.1,1.9,3.9,0.487,0,0,,1.9,3.9,0.487,0.487,0.7,0.9,0.778,1.7,2,3.7,0.8,0.4,1,1,2.8,4.5,jemistr01
241,Trey Jemison,C,24,WAS,2,0,0.5,0,0,,0,0,,0,0,,,0,0,,0,0.5,0.5,0,0,0,0.5,0,0,jemistr01
241,Trey Jemison,C,24,MEM,8,4,21.3,2.4,4.9,0.487,0,0,,2.4,4.9,0.487,0.487,0.9,1.1,0.778,2.1,2.4,4.5,1,0.5,1.3,1.1,3.5,5.6,jemistr01
242,Ty Jerome,SG,26,CLE,2,0,7.5,1,2,0.5,0,0.5,0,1,1.5,0.667,0.5,0,0,,0.5,0,0.5,1.5,0,0,0.5,1,2,jeromty01
243,Isaiah Joe,SG,24,OKC,55,0,18.6,2.9,6.2,0.474,1.9,4.5,0.43,1,1.7,0.593,0.631,0.6,0.7,0.85,0.4,1.9,2.3,1.1,0.6,0.3,0.6,1.2,8.4,joeis01
244,Cameron Johnson,PF,27,BRK,46,42,27.9,5,11,0.453,2.4,6.2,0.394,2.5,4.8,0.527,0.563,1.2,1.7,0.75,1,3.4,4.5,2.6,0.8,0.3,1,1.8,13.6,johnsca02
245,Jalen Johnson,SF,22,ATL,45,42,34.2,6.4,12.2,0.522,1.2,3.4,0.346,5.2,8.8,0.59,0.57,1.9,2.6,0.731,1.3,7.4,8.7,3.4,1.2,0.9,1.8,2.6,15.8,johnsja05
246,James Johnson,PF,36,IND,6,0,5.3,0.3,1,0.333,0,0.2,0,0.3,0.8,0.4,0.333,0.3,0.3,1,0.2,0.5,0.7,1,0.7,0.2,0.3,1.2,1,johnsja01
247,Keldon Johnson,SF,24,SAS,56,26,29.6,5.7,12.8,0.448,1.7,5.2,0.336,4,7.6,0.525,0.516,2.6,3.3,0.781,1.4,4.1,5.4,3,0.8,0.3,1.5,2.3,15.8,johnske04
248,Keon Johnson,SG,21,BRK,4,0,12.8,1.8,4.8,0.368,1,2.3,0.444,0.8,2.5,0.3,0.474,2.5,2.5,1,0.8,0.5,1.3,0.8,0.8,0.3,1,1,7,johnske07
249,Keyontae Johnson,SF,23,OKC,9,0,7.3,0.6,1.8,0.313,0.1,0.3,0.333,0.4,1.4,0.308,0.344,0,0,,0.4,0.7,1.1,0.4,0.1,0,0.4,0.6,1.2,johnske08
250,Nikola Jokić,C,28,DEN,58,58,33.9,10.1,17.4,0.58,1,2.9,0.345,9.1,14.5,0.628,0.609,4.5,5.5,0.819,2.9,9.4,12.3,9.3,1.2,0.9,2.9,2.6,25.8,jokicni01
251,Colby Jones,SG,21,SAC,17,0,7.1,1,2.7,0.37,0.1,0.8,0.077,0.9,1.9,0.485,0.38,0.1,0.3,0.4,0.6,0.9,1.5,0.6,0.2,0.1,0.3,0.9,2.2,jonesco02
252,Damian Jones,C,28,CLE,25,0,6,0.7,1.3,0.531,0.1,0.3,0.286,0.6,1,0.6,0.563,0.4,0.4,0.909,0.4,1,1.3,0.5,0.1,0.4,0.4,0.6,1.8,jonesda03
253,Derrick Jones Jr.,SF,26,DAL,55,47,24.2,3.3,6.8,0.481,1.1,3.4,0.339,2.1,3.4,0.624,0.566,1.3,1.7,0.729,1.1,2.5,3.5,1,0.7,0.7,0.9,1.7,8.9,jonesde02
254,Herbert Jones,SF,25,NOP,56,56,29.4,4.1,7.9,0.514,1.5,3.5,0.429,2.6,4.4,0.581,0.609,1.8,2.1,0.852,1.1,2.5,3.6,2.4,1.3,0.8,1.2,2.9,11.4,joneshe01
255,Mason Jones,SG,25,SAC,1,0,13,0,3,0,0,2,0,0,1,0,0,1,2,0.5,1,3,4,4,0,0,0,0,1,jonesma05
256,Tre Jones,PG,24,SAS,55,26,26.4,3.9,7.6,0.512,0.7,2.3,0.32,3.1,5.2,0.597,0.561,1.4,1.6,0.872,0.7,2.6,3.3,5.9,1,0.1,1.5,1.2,9.9,jonestr01
257,Tyus Jones,PG,27,WAS,60,60,29.2,5,10.2,0.493,1.6,3.8,0.418,3.5,6.4,0.536,0.57,0.5,0.6,0.789,0.3,2.4,2.7,7.3,1.1,0.3,1,0.8,12.1,jonesty01
258,DeAndre Jordan,C,35,DEN,29,1,11.3,1.7,2.6,0.632,0,0,,1.7,2.6,0.632,0.632,0.8,1.7,0.449,1.7,2.9,4.6,0.7,0.2,0.4,0.7,1.7,4.1,jordade01
259,Cory Joseph,PG,32,GSW,26,0,11.4,0.9,2.5,0.359,0.5,1.6,0.31,0.4,0.8,0.455,0.461,0.2,0.3,0.571,0.2,0.9,1.2,1.6,0.2,0.1,0.5,1,2.4,josepco01
260,Nikola Jović,PF,20,MIA,25,17,17,2.1,4.9,0.431,1.2,2.6,0.453,1,2.4,0.407,0.549,0.6,1,0.538,0.7,3.4,4.1,1.8,0.4,0.3,1,1.8,6,jovicni01
261,Johnny Juzang,SG,22,UTA,3,0,3,0,1.3,0,0,1.3,0,0,0,,0,0,0,,0,0,0,0.3,0,0,0,0.3,0,juzanjo01
262,Luke Kennard,SG,27,MEM,29,13,24.7,3.5,7.8,0.445,2.7,6,0.448,0.8,1.8,0.434,0.617,1.1,1.2,0.861,0.3,2.6,2.9,2.9,0.5,0,1,1.1,10.7,kennalu01
263,Walker Kessler,C,22,UTA,51,17,23.3,3.7,5.7,0.652,0.1,0.4,0.211,3.7,5.4,0.682,0.659,0.9,1.6,0.568,2.5,4.9,7.4,0.9,0.5,2.7,1,2.1,8.5,kesslwa01
264,Braxton Key,SF,26,DEN,17,0,3.2,0.4,0.9,0.375,0.1,0.2,0.25,0.3,0.7,0.417,0.406,0.2,0.4,0.667,0.2,0.6,0.8,0.5,0.1,0.1,0.1,0.3,1,keybr01
265,Corey Kispert,SF,24,WAS,58,2,22.8,4.5,9.2,0.483,2.1,5.6,0.367,2.4,3.6,0.665,0.595,1.4,1.8,0.767,0.3,2.2,2.5,1.7,0.4,0.2,1.1,1.6,12.4,kispeco01
266,Maxi Kleber,C,32,DAL,23,7,22.1,1.9,4.2,0.448,0.9,2.4,0.357,1,1.7,0.575,0.552,0.7,1.2,0.63,0.7,2.8,3.5,1.7,0.3,0.7,0.9,1.9,5.3,klebima01
267,Kevin Knox,SF,24,DET,31,11,18.1,2.8,6,0.462,1,3,0.33,1.8,3,0.598,0.546,0.6,0.7,0.909,0.6,1.8,2.4,0.7,0.4,0.2,0.7,1.6,7.2,knoxke01
268,John Konchar,SF,27,MEM,45,15,19.5,1.5,3.6,0.426,0.6,2,0.297,0.9,1.6,0.592,0.509,0.3,0.4,0.813,1.2,3.1,4.3,1.8,0.8,0.9,0.6,1.2,4,konchjo01
269,Furkan Korkmaz,SG,26,PHI,35,0,8.6,0.9,2.2,0.395,0.4,1.1,0.35,0.5,1,0.444,0.487,0.4,0.6,0.7,0.1,0.7,0.9,0.7,0.4,0.1,0.3,0.5,2.5,korkmfu01
270,Luke Kornet,C,28,BOS,42,2,14.7,2.1,3,0.698,0,0,,2.1,3,0.698,0.698,0.7,0.8,0.886,1.8,2,3.9,0.9,0.4,1,0.4,1.4,4.9,kornelu01
271,Vit Krejci,PG,23,ATL,1,0,2,0,0,,0,0,,0,0,,,0,0,,0,0,0,0,0,0,0,0,0,krejcvi01
272,Jonathan Kuminga,PF,21,GSW,58,32,25.7,6,11.3,0.533,0.7,2.3,0.303,5.3,9,0.591,0.563,3,4.1,0.728,1.3,3.5,4.8,2.1,0.7,0.5,1.6,2.1,15.7,kuminjo01
273,Kyle Kuzma,PF,28,WAS,58,58,31.9,8.7,18.9,0.462,2.3,6.8,0.342,6.4,12.1,0.53,0.524,2.4,3.1,0.782,1,5.6,6.6,4,0.5,0.7,2.7,2.2,22.2,kuzmaky01
274,Jock Landale,C,28,HOU,33,0,8.9,0.9,2.3,0.387,0.1,0.5,0.111,0.8,1.7,0.474,0.4,0.5,0.7,0.773,1.3,0.9,2.2,0.6,0.2,0.4,0.4,0.9,2.3,landajo01
275,Jake LaRavia,PF,22,MEM,15,0,14.1,1.9,5.2,0.372,0.7,2.7,0.244,1.3,2.5,0.514,0.436,0.7,0.9,0.786,0.9,1.3,2.1,0.9,0.3,0.2,0.5,1.7,5.3,laravja01
276,Zach LaVine,SG,28,CHI,25,23,34.9,6.8,15,0.452,2.4,6.8,0.349,4.4,8.3,0.536,0.531,3.5,4.1,0.854,0.3,4.8,5.2,3.9,0.8,0.3,2.1,2.3,19.5,lavinza01
277,A.J. Lawson,SG,23,DAL,28,0,8.3,1.4,3,0.471,0.5,1.4,0.325,1,1.6,0.6,0.547,0.4,0.7,0.632,0.4,0.8,1.2,0.5,0.3,0.1,0.4,0.7,3.8,lawsoaj01
278,Saben Lee,PG,24,PHO,16,0,7.7,0.9,2.3,0.417,0.1,0.6,0.1,0.9,1.6,0.538,0.431,1.6,2.1,0.758,0.4,1.1,1.5,1.3,0.4,0.2,0.4,0.4,3.5,leesa01
279,Alex Len,C,30,SAC,25,0,8.7,1.2,2,0.592,0,0.1,0,1.2,1.8,0.63,0.592,0.3,0.7,0.412,1.2,1.7,2.9,0.9,0.3,0.5,0.6,1.1,2.6,lenal01
280,Kawhi Leonard,SF,32,LAC,53,53,34.3,9,17.1,0.527,2.2,5.1,0.438,6.8,12,0.565,0.593,3.7,4.2,0.892,1.2,5,6.2,3.7,1.7,0.8,1.7,1.5,24,leonaka01
281,Caris LeVert,SG,29,CLE,48,1,27.7,5.1,12.3,0.418,1.6,5,0.331,3.5,7.3,0.479,0.486,2.2,2.9,0.759,0.5,3.3,3.8,4.7,0.9,0.5,1.5,1.8,14.1,leverca01
282,Kira Lewis Jr.,PG,22,TOT,19,0,8.1,0.9,2.8,0.315,0.1,1.1,0.095,0.8,1.7,0.455,0.333,0.5,0.6,0.909,0.3,0.5,0.8,1.1,0.3,0.1,0.4,0.5,2.4,lewiski01
282,Kira Lewis Jr.,PG,22,NOP,15,0,9.6,1.1,3.5,0.308,0.1,1.3,0.1,0.9,2.1,0.438,0.327,0.7,0.7,0.909,0.3,0.7,0.9,1.2,0.3,0.1,0.5,0.5,2.9,lewiski01
282,Kira Lewis Jr.,PG,22,TOR,1,0,2,0,0,,0,0,,0,0,,,0,0,,0,0,0,0,0,0,0,1,0,lewiski01
282,Kira Lewis Jr.,PG,22,UTA,3,0,2.3,0.3,0.7,0.5,0,0.3,0,0.3,0.3,1,0.5,0,0,,0.3,0,0.3,1,0.3,0,0,0,0.7,lewiski01
283,Maxwell Lewis,SF,21,LAL,20,0,3.5,0.2,0.6,0.25,0.1,0.2,0.333,0.1,0.5,0.222,0.292,0,0,,0.1,0.1,0.2,0.2,0.1,0,0.3,0.2,0.4,lewisma05
284,E.J. Liddell,PF,23,NOP,8,0,2.9,0.1,0.8,0.167,0,0.6,0,0.1,0.1,1,0.167,0.3,0.3,1,0,0.6,0.6,0.1,0.3,0.3,0.3,0.3,0.5,liddeej01
285,Damian Lillard,PG,33,MIL,56,56,34.8,7.3,17.3,0.42,2.9,8.5,0.345,4.4,8.9,0.492,0.505,6.7,7.3,0.924,0.5,3.8,4.4,6.8,1.1,0.2,2.6,1.8,24.2,lillada01
286,Nassir Little,SF,23,PHO,34,2,12.5,1.4,3.1,0.458,0.6,1.8,0.317,0.9,1.4,0.638,0.547,0.5,0.6,0.85,0.4,1.7,2.1,0.6,0.3,0.3,0.4,1.1,3.9,littlna01
287,Dereck Lively II,C,19,DAL,42,40,25,4.1,5.5,0.751,0,0,0,4.1,5.4,0.758,0.751,0.9,1.7,0.529,2.7,4.7,7.4,1.2,0.7,1.5,1,2.8,9.1,livelde01
288,Isaiah Livers,PF,25,DET,23,6,20.4,1.7,5,0.345,1,3.3,0.286,0.8,1.7,0.462,0.44,0.5,0.8,0.667,0.7,1.4,2.1,1.1,0.6,0.2,0.7,1.9,5,liveris01
289,Chris Livingston,SF,20,MIL,16,0,4.3,0.4,1,0.438,0.1,0.2,0.333,0.4,0.8,0.462,0.469,0.1,0.1,1,0.1,0.8,0.9,0.3,0.1,0,0.3,0.7,1.1,livinch01
290,Kenneth Lofton Jr.,PF,21,TOT,17,0,6.4,0.9,2.5,0.349,0.2,0.7,0.25,0.7,1.8,0.387,0.384,0.5,0.9,0.533,0.1,0.9,1.1,0.8,0.2,0.2,0.5,0.9,2.4,loftoke01
290,Kenneth Lofton Jr.,PF,21,MEM,15,0,6.6,0.9,2.5,0.378,0.2,0.7,0.3,0.7,1.8,0.407,0.419,0.5,1,0.533,0.1,0.9,1,0.9,0.2,0.2,0.4,1,2.6,loftoke01
290,Kenneth Lofton Jr.,PF,21,PHI,2,0,4.5,0.5,3,0.167,0,1,0,0.5,2,0.25,0.167,0,0,,0,1.5,1.5,0,0,0,1,0,1,loftoke01
291,Kevon Looney,C,27,GSW,59,36,17.2,1.9,3.2,0.603,0,0,0,1.9,3.2,0.606,0.603,0.7,1.1,0.672,2.1,4,6.1,2.1,0.4,0.4,0.7,2.2,4.6,looneke01
292,Brook Lopez,C,35,MIL,58,58,31.2,4.8,10,0.479,1.8,5.3,0.346,2.9,4.7,0.629,0.571,1.4,1.6,0.842,1.5,3.9,5.4,1.7,0.6,2.7,0.9,2.5,12.8,lopezbr01
293,Robin Lopez,C,35,MIL,16,2,4.1,0.4,1.2,0.368,0.1,0.5,0.25,0.3,0.7,0.455,0.421,0.1,0.1,1,0.2,0.1,0.3,0.3,0.1,0.2,0.1,0.4,1.1,lopezro01
294,Kevin Love,PF,35,MIA,47,5,17.5,2.9,6.5,0.443,1.6,4.5,0.349,1.3,2,0.656,0.564,1.7,2.2,0.779,1.1,5.1,6.2,2.2,0.3,0.2,0.8,1.8,9,loveke01
295,Kyle Lowry,PG,37,TOT,41,36,27.9,2.8,6.4,0.437,1.6,4.2,0.39,1.2,2.2,0.527,0.565,0.9,1.1,0.844,0.7,2.8,3.5,4.1,1,0.4,1.4,2.5,8.2,lowryky01
295,Kyle Lowry,PG,37,MIA,37,35,28,2.8,6.5,0.426,1.7,4.4,0.385,1.1,2.2,0.506,0.554,0.9,1.1,0.833,0.7,2.8,3.5,4,1.1,0.4,1.4,2.5,8.2,lowryky01
295,Kyle Lowry,PG,37,PHI,4,1,26.5,3,5.3,0.571,1.3,2.8,0.455,1.8,2.5,0.7,0.69,0.8,0.8,1,0.8,2.8,3.5,5.5,1,0,1.5,2,8,lowryky01
296,Seth Lundy,SF,23,ATL,9,0,5.8,0.4,1.9,0.235,0.3,1.4,0.231,0.1,0.4,0.25,0.324,0.3,0.4,0.75,0.1,0.7,0.8,0,0,0,0.1,0.7,1.6,lundyse01
297,Trey Lyles,PF,28,SAC,44,0,19.8,2.5,5.4,0.456,1.5,3.8,0.399,0.9,1.6,0.594,0.597,0.8,1.2,0.667,1,3.5,4.5,1.2,0.3,0.3,0.7,1.6,7.3,lylestr01
298,Théo Maledon,PG,22,TOT,16,1,13.3,1.3,4.3,0.29,0.3,1.9,0.167,0.9,2.4,0.385,0.326,0.9,0.9,0.933,0.3,1.3,1.5,1.8,0.4,0,1.1,1.3,3.7,maledth01
298,Théo Maledon,PG,22,CHO,13,1,15.4,1.5,5.1,0.288,0.4,2.3,0.167,1.1,2.8,0.389,0.326,0.8,0.9,0.917,0.3,1.5,1.8,2.2,0.5,0,1.2,1.4,4.2,maledth01
298,Théo Maledon,PG,22,PHO,3,0,4,0.3,1,0.333,0,0,,0.3,1,0.333,0.333,1,1,1,0,0.3,0.3,0,0,0,1,1,1.7,maledth01
299,Sandro Mamukelashvili,C,24,SAS,32,0,6.6,1,2.2,0.437,0.3,1.1,0.235,0.7,1.2,0.622,0.493,0.4,0.5,0.706,0.6,1.2,1.8,0.9,0.2,0.3,0.3,0.7,2.6,mamuksa01
300,Terance Mann,SG,27,LAC,52,48,25.4,3.2,6.5,0.487,0.9,2.8,0.32,2.3,3.7,0.615,0.556,0.9,1.1,0.776,1.3,2.2,3.5,1.8,0.5,0.2,0.6,1.8,8.1,mannte01
301,Tre Mann,PG,22,TOT,22,9,17.7,2.6,6,0.443,1,2.6,0.404,1.6,3.4,0.473,0.531,0.6,0.8,0.778,0.4,2.8,3.2,2.9,0.8,0,1,1,7,manntr01
301,Tre Mann,PG,22,OKC,13,0,9.2,1.5,3.1,0.5,0.6,1.5,0.421,0.9,1.6,0.571,0.6,0.1,0.1,1,0.3,1.5,1.8,1.5,0.2,0,0.7,0.2,3.8,manntr01
301,Tre Mann,PG,22,CHO,9,9,30.1,4.2,10.1,0.418,1.7,4.2,0.395,2.6,5.9,0.434,0.5,1.4,1.9,0.765,0.6,4.7,5.2,4.9,1.6,0,1.6,2,11.6,manntr01
302,Boban Marjanović,C,35,HOU,9,0,5.3,1.1,2.3,0.476,0,0.2,0,1.1,2.1,0.526,0.476,0.3,0.7,0.5,0.7,1.8,2.4,0.4,0,0.1,0.2,0.4,2.6,marjabo01
303,Lauri Markkanen,PF,26,UTA,50,50,32.7,7.8,16.1,0.486,3.2,8,0.4,4.6,8.1,0.571,0.585,4.2,4.8,0.887,2.3,6.1,8.3,1.9,0.8,0.5,1.3,1.8,23,markkla01
304,Naji Marshall,SF,26,NOP,49,1,18.9,2.4,5.4,0.447,0.8,2.2,0.37,1.6,3.2,0.5,0.523,1.3,1.6,0.785,0.9,2.6,3.5,2,0.7,0.2,1.1,1.4,6.9,marshna01
305,Caleb Martin,SF,28,MIA,42,19,27,3.9,8.6,0.452,1.2,3.2,0.376,2.7,5.4,0.496,0.521,1.2,1.6,0.758,1.3,3.4,4.6,2.1,0.7,0.3,1.2,2.1,10.1,martica02
306,Cody Martin,SF,28,CHO,28,22,26.9,2.9,7.7,0.381,1,3.1,0.314,2,4.6,0.426,0.444,0.7,1.2,0.606,0.7,3.2,3.9,3.7,1.1,0.6,1.6,1.7,7.5,martico01
307,KJ Martin,SF,23,TOT,42,2,11.5,1.5,2.8,0.551,0.1,0.5,0.25,1.4,2.3,0.612,0.572,0.3,0.7,0.483,0.4,1.4,1.8,0.7,0.4,0.1,0.5,1.5,3.5,martike04
307,KJ Martin,SF,23,LAC,2,0,15.5,2,5,0.4,0.5,2.5,0.2,1.5,2.5,0.6,0.45,0.5,1,0.5,0.5,1,1.5,0.5,1,0.5,1,1.5,5,martike04
307,KJ Martin,SF,23,PHI,40,2,11.3,1.5,2.7,0.565,0.1,0.4,0.267,1.4,2.3,0.613,0.583,0.3,0.7,0.481,0.4,1.4,1.9,0.8,0.4,0.1,0.5,1.5,3.5,martike04
308,Garrison Mathews,SG,27,ATL,43,4,12.7,1.1,2.6,0.434,1,2.4,0.427,0.1,0.2,0.5,0.628,0.2,0.3,0.667,0.2,1.1,1.3,0.5,0.3,0.1,0.3,1.6,3.5,mathega01
309,Bennedict Mathurin,SF,21,IND,57,19,26,5,11.2,0.449,1.4,3.6,0.38,3.7,7.6,0.482,0.51,3,3.6,0.827,1.1,3,4.1,2,0.6,0.2,1.7,2,14.5,mathube01
310,Wesley Matthews,SG,37,ATL,22,1,11.2,0.7,2.2,0.313,0.5,1.7,0.27,0.2,0.5,0.455,0.417,0.6,0.9,0.7,0.2,1.3,1.5,0.6,0.5,0.3,0.3,1.3,2.5,matthwe02
311,Tyrese Maxey,PG,23,PHI,54,54,37.4,9.1,20.2,0.447,3.1,8.1,0.38,6,12.1,0.493,0.524,4.9,5.6,0.868,0.6,3.2,3.8,6.3,1,0.5,1.7,2.2,26.1,maxeyty01
312,Skylar Mays,PG-SG,26,TOT,31,5,13.5,2,5,0.397,0.5,1.7,0.296,1.5,3.3,0.451,0.449,0.4,0.5,0.765,0.3,1,1.4,2.7,0.5,0.1,0.6,0.8,4.9,mayssk01
312,Skylar Mays,PG,26,POR,21,5,17,2.5,6.6,0.384,0.7,2.3,0.286,1.9,4.2,0.438,0.435,0.6,0.8,0.765,0.4,1.3,1.8,3.6,0.7,0.1,0.9,1,6.3,mayssk01
312,Skylar Mays,SG,26,LAL,10,0,6.3,0.9,1.8,0.5,0.2,0.5,0.4,0.7,1.3,0.538,0.556,0,0,,0.1,0.4,0.5,0.8,0.3,0.1,0.1,0.5,2,mayssk01
313,Miles McBride,PG,23,NYK,47,4,13.4,2.3,5.1,0.446,1.1,2.8,0.398,1.1,2.3,0.505,0.556,0.5,0.6,0.815,0.3,0.8,1,1.1,0.6,0.1,0.4,1.2,6.1,mcbrimi01
314,CJ McCollum,PG,32,NOP,45,45,31.6,6.8,14.9,0.458,3.4,8,0.425,3.4,6.9,0.497,0.572,1.8,2.3,0.794,0.6,3.7,4.3,4.5,1.1,0.8,1.5,2.1,18.8,mccolcj01
315,T.J. McConnell,PG,31,IND,50,4,17.5,3.8,7.1,0.541,0.1,0.4,0.238,3.7,6.6,0.56,0.548,0.7,0.9,0.766,0.6,2.1,2.7,5.5,1,0.1,1.5,1,8.5,mccontj01
316,Jaden McDaniels,SF,23,MIN,50,49,29.1,4.3,8.4,0.509,1.3,3.4,0.374,3,5,0.602,0.585,0.7,0.9,0.778,0.7,2,2.7,1.4,0.9,0.6,1.3,3.2,10.6,mcdanja02
317,Jalen McDaniels,SF,26,TOR,35,0,8.6,1,3.1,0.327,0.3,1.5,0.204,0.7,1.5,0.453,0.379,0.4,0.6,0.7,0.3,0.9,1.2,0.5,0.3,0.1,0.5,0.9,2.7,mcdanja01
318,Doug McDermott,SF,32,TOT,52,0,14.7,2,4.6,0.427,1.5,3.7,0.415,0.4,0.9,0.478,0.594,0.2,0.4,0.579,0.2,0.8,1,1.2,0.2,0,0.5,1,5.7,mcderdo01
318,Doug McDermott,SF,32,SAS,46,0,15.2,2.1,4.7,0.442,1.7,3.8,0.439,0.4,0.9,0.452,0.619,0.2,0.4,0.588,0.2,0.9,1,1.2,0.2,0,0.5,1,6,mcderdo01
318,Doug McDermott,SF,32,IND,6,0,11,1.2,4,0.292,0.7,3.3,0.2,0.5,0.7,0.75,0.375,0.2,0.3,0.5,0.2,0.3,0.5,0.7,0,0,0.2,0.5,3.2,mcderdo01
319,JaVale McGee,C,36,SAC,39,0,7.9,1.9,3,0.629,0,0.1,0,1.9,2.9,0.652,0.629,0.6,1.1,0.581,0.9,1.9,2.9,0.4,0.2,0.5,0.8,1.1,4.4,mcgeeja01
320,Bryce McGowens,SG,21,CHO,47,13,15.9,1.8,4,0.45,0.6,1.9,0.345,1.2,2.2,0.539,0.529,1,1.4,0.766,0.3,1.6,1.9,0.9,0.4,0.1,0.5,1.4,5.3,mcgowbr01
321,Jordan McLaughlin,PG,27,MIN,37,0,8.9,1,2.3,0.424,0.6,1.3,0.429,0.4,1,0.417,0.547,0.1,0.2,0.5,0.3,0.8,1,1.7,0.7,0.2,0.4,0.5,2.6,mclaujo01
322,De'Anthony Melton,SG,25,PHI,36,33,27.8,3.8,9.7,0.391,2.1,5.8,0.362,1.7,3.9,0.433,0.499,1.8,2.2,0.835,0.8,3.1,3.8,3.1,1.6,0.4,1.1,2.3,11.5,meltode01
323,Nathan Mensah,C,25,CHO,25,0,12.3,0.5,1.1,0.429,0,0,,0.5,1.1,0.429,0.429,0.4,0.5,0.75,1.2,1.4,2.6,0.4,0.2,0.6,0.6,2.6,1.3,mensana01
324,Sam Merrill,SG,27,CLE,41,0,15.4,2.6,6,0.435,2.3,5.2,0.435,0.3,0.8,0.438,0.624,0.3,0.3,0.917,0.4,1.5,1.9,1.5,0.3,0,0.3,1,7.8,merrisa01
325,Chimezie Metu,C,26,PHO,37,5,12.1,1.8,3.5,0.508,0.4,1.4,0.294,1.4,2.1,0.646,0.565,1,1.2,0.884,0.6,2.3,3,0.5,0.5,0.2,0.7,1.1,5,metuch01
326,Vasilije Micić,PG,30,TOT,39,0,14.2,1.7,4.2,0.407,0.5,1.8,0.25,1.2,2.3,0.533,0.463,0.6,0.8,0.774,0.1,0.8,0.9,3.3,0.3,0.1,1.1,0.9,4.5,micicva01
326,Vasilije Micić,PG,30,OKC,30,0,12,1.2,3,0.407,0.4,1.5,0.244,0.9,1.5,0.565,0.467,0.5,0.6,0.737,0,0.8,0.8,2.5,0.3,0.1,1,0.7,3.3,micicva01
326,Vasilije Micić,PG,30,CHO,9,0,21.6,3.2,7.9,0.408,0.8,3,0.259,2.4,4.9,0.5,0.458,1.1,1.3,0.833,0.3,1.1,1.4,5.9,0.4,0,1.7,1.3,8.3,micicva01
327,Khris Middleton,SF,32,MIL,43,43,26.3,5.6,11.6,0.487,1.7,4.5,0.378,3.9,7.1,0.556,0.56,1.8,2.2,0.832,0.6,3.7,4.3,5,0.9,0.3,2.1,2.4,14.8,middlkh01
328,Brandon Miller,SF,21,CHO,53,47,31.8,6.2,14.2,0.438,2.3,6.2,0.374,3.9,8,0.486,0.519,1.8,2.2,0.836,0.8,3.2,4,2.3,0.9,0.5,1.8,2.6,16.5,millebr02
329,Jordan Miller,SF,24,LAC,5,0,4.2,0.8,1.2,0.667,0.2,0.2,1,0.6,1,0.6,0.75,0.4,0.4,1,0.4,0.4,0.8,0,0,0,0.2,0.4,2.2,millejo02
330,Leonard Miller,SF,20,MIN,7,0,3.7,1,1.6,0.636,0.1,0.4,0.333,0.9,1.1,0.75,0.682,0,0,,0.1,1.3,1.4,0.4,0.1,0.1,0.1,0.4,2.1,millele01
331,Dariq Whitehead,SF,19,BRK,2,0,12,0.5,2.5,0.2,0,1.5,0,0.5,1,0.5,0.2,0.5,1,0.5,0,2,2,1.5,0,0.5,0,0,1.5,whiteda01
332,Patty Mills,PG,35,ATL,19,0,10.6,1,2.7,0.373,0.7,1.8,0.382,0.3,0.9,0.353,0.5,0,0,,0.3,0.8,1.1,0.7,0.5,0.1,0.4,0.9,2.7,millspa02
333,Shake Milton,SG,27,TOT,42,0,13.2,1.8,4.4,0.403,0.4,1.5,0.274,1.4,3,0.468,0.449,0.9,1.1,0.809,0.3,1.3,1.6,1.3,0.4,0.1,0.7,1.1,4.9,miltosh01
333,Shake Milton,SG,27,MIN,38,0,12.9,1.7,4.2,0.4,0.4,1.4,0.264,1.3,2.8,0.467,0.444,0.9,1.2,0.818,0.2,1.2,1.3,1.3,0.4,0.1,0.7,1.2,4.7,miltosh01
333,Shake Milton,SG,27,DET,4,0,15.8,2.8,6.5,0.423,0.8,2.3,0.333,2,4.3,0.471,0.481,0.5,0.8,0.667,1.8,2.8,4.5,1.5,0.5,0.3,0.8,0.8,6.8,miltosh01
334,Justin Minaya,SF,24,POR,19,0,7.9,0.3,1.3,0.24,0.2,0.8,0.188,0.2,0.5,0.333,0.3,0.2,0.3,0.5,0.5,0.5,1.1,0.4,0.3,0.3,0.3,0.5,0.9,minayju01
335,Josh Minott,SF,21,MIN,21,0,3,0.5,1,0.476,0,0.3,0.167,0.4,0.7,0.6,0.5,0.6,0.7,0.857,0.1,0.4,0.6,0.1,0.1,0.1,0.1,0.3,1.6,minotjo01
336,Davion Mitchell,PG,25,SAC,49,4,13.4,1.6,3.7,0.43,0.6,1.8,0.315,1,1.8,0.544,0.508,0.4,0.6,0.741,0.1,0.9,1,1.7,0.2,0.1,0.6,1.2,4.1,mitchda01
337,Donovan Mitchell,SG,27,CLE,47,47,35.7,9.7,20.4,0.472,3.4,9.1,0.371,6.3,11.3,0.553,0.555,5.3,6.1,0.861,0.9,4.5,5.4,6.2,1.8,0.5,2.9,2.3,28,mitchdo01
338,Evan Mobley,PF,22,CLE,36,36,31.4,6.6,11.3,0.586,0.3,0.9,0.333,6.3,10.4,0.608,0.599,2.4,3.4,0.713,2.4,7.8,10.3,2.9,0.9,1.6,1.9,2.9,16,mobleev01
339,Isaiah Mobley,PF,24,CLE,3,0,4.7,0.7,1.3,0.5,0.3,0.7,0.5,0.3,0.7,0.5,0.625,0,0,,0,0.7,0.7,1.3,0.3,0,0.3,0.7,1.7,mobleis01
340,Malik Monk,SG,25,SAC,58,0,25.9,5.5,12.2,0.451,2.2,5.9,0.374,3.3,6.2,0.525,0.543,2.3,2.8,0.804,0.3,2.4,2.8,5.2,0.6,0.6,2.1,2,15.4,monkma01
341,Moses Moody,SG,21,GSW,45,7,17.5,3,6.4,0.465,1.1,3.1,0.353,1.9,3.3,0.57,0.55,1.1,1.4,0.778,1,2,3,0.8,0.7,0.4,0.7,1.2,8.1,moodymo01
342,Xavier Moon,SG,29,LAC,2,0,6,0.5,1,0.5,0,0.5,0,0.5,0.5,1,0.5,0,0,,0,1,1,1.5,0,0,0.5,0.5,1,moonxa01
343,Taze Moore,SG,25,POR,3,0,3.3,1,1.7,0.6,0,0.7,0,1,1,1,0.6,0,0,,0,0,0,0.3,0.3,0,0.3,0.7,2,mooreta02
344,Wendell Moore Jr.,SG,22,MIN,14,0,3.1,0.4,0.7,0.5,0,0.3,0,0.4,0.4,0.833,0.5,0,0,,0,0.4,0.4,0.1,0.4,0.1,0.2,0.3,0.7,moorewe01
345,Ja Morant,PG,24,MEM,9,9,35.3,8.9,18.9,0.471,1.6,5.7,0.275,7.3,13.2,0.555,0.512,5.8,7.1,0.813,0.7,4.9,5.6,8.1,0.8,0.6,3,2.1,25.1,moranja01
346,Marcus Morris,PF,34,PHI,37,7,17.2,2.4,5.5,0.439,1,2.4,0.4,1.5,3.1,0.47,0.527,0.8,1,0.861,0.5,2.5,2.9,0.7,0.4,0.3,0.5,1.6,6.7,morrima03
347,Markieff Morris,PF,34,DAL,18,1,8.9,0.9,2.7,0.327,0.6,1.7,0.333,0.3,1.1,0.316,0.429,0.2,0.2,0.75,0.2,1.4,1.7,0.6,0.3,0.1,0.5,0.6,2.5,morrima02
348,Monte Morris,PG,28,TOT,14,0,14.6,2.1,5.5,0.377,0.6,2.3,0.281,1.4,3.2,0.444,0.435,0.4,0.6,0.625,0.2,1.6,1.9,2.2,0.5,0.2,0.2,0.4,5.1,morrimo01
348,Monte Morris,PG,28,DET,6,0,11.3,2,5.5,0.364,0.3,1.8,0.182,1.7,3.7,0.455,0.394,0.2,0.3,0.5,0.3,1.7,2,1.3,0.2,0.2,0.3,0.2,4.5,morrimo01
348,Monte Morris,PG,28,MIN,8,0,17,2.1,5.5,0.386,0.9,2.6,0.333,1.3,2.9,0.435,0.466,0.5,0.8,0.667,0.1,1.6,1.8,2.9,0.8,0.3,0.1,0.6,5.6,morrimo01
349,Trey Murphy III,SF,23,NOP,36,10,27,4.4,10.2,0.429,2.6,7.4,0.358,1.8,2.9,0.612,0.558,1.7,2.3,0.765,0.6,3.5,4.1,1.8,0.9,0.5,0.4,1.3,13.1,murphtr02
350,Dejounte Murray,SG,27,ATL,56,56,35,8.3,17.8,0.467,2.2,6.2,0.357,6.1,11.6,0.526,0.529,2.8,3.4,0.818,0.8,4.5,5.3,5.6,1.3,0.3,2.3,1.7,21.6,murrade01
351,Jamal Murray,PG,26,DEN,44,44,31.2,7.8,16.2,0.479,2.4,5.8,0.423,5.3,10.4,0.51,0.554,2.6,3,0.857,0.6,3.2,3.8,6.3,0.8,0.7,2.1,1.8,20.5,murraja01
352,Keegan Murray,SF,23,SAC,55,55,32.9,5.8,12.4,0.467,2.3,6.2,0.366,3.5,6.2,0.567,0.558,1.3,1.6,0.82,1.3,4,5.3,1.6,1.1,0.7,0.9,2.7,15.1,murrake02
353,Kris Murray,SF,23,POR,38,5,14.9,1.6,4,0.391,0.6,2,0.28,1,2,0.5,0.46,0.4,0.6,0.583,0.9,1.5,2.3,0.9,0.9,0.2,0.6,1,4,murrakr01
354,Mike Muscala,C,32,TOT,37,6,13.8,1.3,3.6,0.358,0.7,2.3,0.318,0.6,1.3,0.429,0.459,0.5,0.6,0.708,0.9,1.9,2.8,0.9,0.2,0.3,0.5,1.2,3.8,muscami01
354,Mike Muscala,C,32,WAS,24,2,14.1,1.4,3.8,0.367,0.6,2.1,0.275,0.8,1.6,0.487,0.444,0.6,0.8,0.75,0.9,2.2,3.1,0.9,0.2,0.3,0.7,1.3,4,muscami01
354,Mike Muscala,C,32,DET,13,4,13.2,1.2,3.4,0.341,1,2.6,0.382,0.2,0.8,0.2,0.489,0.2,0.3,0.5,0.8,1.5,2.2,0.8,0.2,0.4,0.2,1,3.5,muscami01
355,Svi Mykhailiuk,SF,26,BOS,25,0,7.5,0.9,2.6,0.348,0.7,2.1,0.321,0.2,0.5,0.462,0.477,0.1,0.2,0.5,0.2,0.6,0.9,0.5,0.3,0,0.3,0.5,2.6,mykhasv01
356,Larry Nance Jr.,C,31,NOP,43,0,18.4,2.1,3.6,0.588,0.5,1.1,0.426,1.6,2.5,0.66,0.654,0.7,0.9,0.718,1.5,3.7,5.1,1.6,0.9,0.4,0.9,1.5,5.3,nancela02
357,Pete Nance,PF,23,CLE,2,0,2,0,1,0,0,0,,0,1,0,0,0,0,,0,0,0,0,0,0,0,0,0,nancepe01
358,Andrew Nembhard,PG,24,IND,47,26,23.6,3.9,7.9,0.489,0.8,2.3,0.345,3.1,5.6,0.55,0.54,0.6,0.8,0.789,0.6,1.3,1.9,4.4,0.9,0.1,1.6,2,9.2,nembhan01
359,Aaron Nesmith,SF,24,IND,52,27,26.9,4.6,8.8,0.52,2.1,4.7,0.455,2.5,4.2,0.593,0.64,1.3,1.8,0.698,0.9,2.9,3.9,1.4,1,0.7,1,3.3,12.6,nesmiaa01
360,Georges Niang,PF,30,CLE,59,1,21.3,3.2,7.4,0.433,1.6,4.6,0.355,1.6,2.8,0.56,0.543,0.6,0.8,0.822,0.3,3.3,3.6,1.2,0.2,0.2,0.8,2.3,8.7,niangge01
361,Daishen Nix,PG,21,MIN,10,0,3.5,0.8,1.9,0.421,0.5,1.3,0.385,0.3,0.6,0.5,0.553,0.1,0.4,0.25,0,0.1,0.1,0.2,0.2,0,0.1,0.1,2.2,nixda01
362,Zeke Nnaji,PF,23,DEN,45,0,9.8,1.2,2.8,0.444,0.1,0.4,0.25,1.1,2.3,0.481,0.464,0.8,1.2,0.698,1.2,1,2.2,0.6,0.3,0.7,0.6,1.4,3.4,nnajize01
363,Jaylen Nowell,SG,24,MEM,9,1,17.3,2.4,6.1,0.4,0.4,2.6,0.174,2,3.6,0.563,0.436,0.3,0.3,1,0.3,1.2,1.6,1.8,0.3,0,0.6,1.4,5.7,nowelja01
364,Markquis Nowell,SG,24,TOR,1,0,4,0,1,0,0,0,,0,1,0,0,2,2,1,2,0,2,2,1,0,0,0,2,nowelma01
365,Frank Ntilikina,PG,25,CHO,5,0,8.6,0.2,1.8,0.111,0.2,1.6,0.125,0,0.2,0,0.167,0.4,0.4,1,0.2,1,1.2,0.8,0,0,0.2,0.8,1,ntilila01
366,Jusuf Nurkić,C,29,PHO,55,55,27.3,4.5,8.8,0.515,0.4,1.5,0.247,4.2,7.3,0.573,0.537,2.4,3.6,0.672,2.7,7.7,10.4,3.7,1,1,2.2,3.4,11.9,nurkiju01
367,Jordan Nwora,SF,25,TOT,31,1,10.5,1.8,4.3,0.425,0.6,2,0.328,1.2,2.4,0.507,0.5,0.9,1,0.875,0.4,1.5,1.9,1.1,0.4,0.1,0.6,1.1,5.2,nworajo01
367,Jordan Nwora,SF,25,IND,18,0,10.2,2.1,4.6,0.451,0.6,2,0.306,1.4,2.6,0.565,0.518,0.5,0.6,0.818,0.4,1.4,1.8,1,0.3,0.1,0.7,1.1,5.2,nworajo01
367,Jordan Nwora,SF,25,TOR,13,1,11.1,1.5,4,0.385,0.7,1.9,0.36,0.8,2.1,0.407,0.471,1.5,1.6,0.905,0.4,1.7,2.1,1.2,0.5,0.2,0.5,1.1,5.2,nworajo01
368,Royce O'Neale,SF,30,TOT,56,8,24.8,2.6,6.8,0.387,2,5.5,0.369,0.6,1.3,0.465,0.537,0.3,0.5,0.655,0.8,3.9,4.7,2.9,0.8,0.6,1,2.4,7.6,onealro01
368,Royce O'Neale,SF,30,BRK,49,6,24.5,2.6,6.6,0.388,2,5.4,0.366,0.6,1.2,0.483,0.537,0.3,0.4,0.682,0.8,3.7,4.5,2.8,0.7,0.6,1,2.4,7.4,onealro01
368,Royce O'Neale,SF,30,PHO,7,2,26.6,3,7.9,0.382,2.4,6.3,0.386,0.6,1.6,0.364,0.536,0.6,1,0.571,0.9,5.3,6.1,3.3,2,0.6,0.7,2.3,9,onealro01
369,Chuma Okeke,SF,25,ORL,35,8,11.1,1.1,2.9,0.38,0.7,2.1,0.315,0.4,0.8,0.556,0.495,0.1,0.1,0.4,0.5,1.6,2.1,0.5,0.2,0.2,0.3,0.5,2.9,okekech01
370,Josh Okogie,SG,25,PHO,53,11,17.2,1.5,3.7,0.413,0.5,1.7,0.3,1,2,0.509,0.482,1.3,1.8,0.732,1.3,1.4,2.7,1.1,0.9,0.4,0.6,1.2,4.9,okogijo01
371,Onyeka Okongwu,C,23,ATL,53,8,25.8,4,6.6,0.61,0.4,1.2,0.338,3.6,5.4,0.671,0.641,1.7,2.2,0.8,2.7,4.3,7,1.3,0.4,1.1,0.8,3,10.2,okongon01
372,Isaac Okoro,SF,23,CLE,50,27,26.1,3.4,6.7,0.5,1.1,2.8,0.401,2.2,3.9,0.572,0.585,1.4,2,0.696,1.1,1.9,3,2,0.8,0.5,0.8,2,9.3,okorois01
373,Kelly Olynyk,C,32,TOT,58,8,20.3,3,5.5,0.549,0.7,1.7,0.406,2.3,3.7,0.616,0.614,1.7,2,0.839,1.3,3.7,5,4.2,0.8,0.3,1.6,2.7,8.4,olynyke01
373,Kelly Olynyk,C,32,UTA,50,8,20.4,2.9,5.2,0.562,0.7,1.7,0.429,2.2,3.5,0.626,0.632,1.6,1.9,0.842,1.3,3.8,5.1,4.4,0.7,0.2,1.6,2.6,8.1,olynyke01
373,Kelly Olynyk,C,32,TOR,8,0,20,3.6,7.4,0.492,0.6,2.1,0.294,3,5.3,0.571,0.534,2.4,2.9,0.826,1.5,2.8,4.3,2.8,1.5,0.4,1.3,3,10.3,olynyke01
374,Eugene Omoruyi,SF,26,WAS,28,0,7.8,1.8,3.7,0.495,0.2,0.9,0.231,1.6,2.8,0.584,0.524,0.9,1.2,0.727,0.9,1.2,2.1,0.8,0.7,0,0.5,1.4,4.7,omorueu01
375,Cedi Osman,SF,28,SAS,60,1,17.7,2.6,5.4,0.472,1.2,3.1,0.38,1.4,2.3,0.597,0.581,0.6,0.8,0.68,0.4,2.1,2.5,1.8,0.5,0.2,0.7,1.5,6.9,osmande01
376,Kelly Oubre Jr.,SF,28,PHI,46,33,28.9,5.1,11.3,0.453,1.4,4.4,0.309,3.8,6.9,0.546,0.513,2,2.8,0.729,1.2,3.2,4.5,1.1,1.2,0.5,1,3,13.7,oubreke01
377,Chris Paul,PG,38,GSW,35,11,27.3,3.3,7.7,0.428,1.5,3.8,0.381,1.8,3.9,0.474,0.522,1.1,1.3,0.826,0.3,3.5,3.8,7.1,1.3,0.1,1.2,1.8,9.1,paulch01
378,Cameron Payne,PG,29,TOT,56,3,15.6,2.4,5.3,0.445,1.2,3,0.388,1.2,2.3,0.519,0.555,0.8,1,0.852,0.2,1.1,1.3,2.5,0.4,0.1,0.7,1.5,6.8,payneca01
378,Cameron Payne,PG,29,MIL,47,2,14.9,2.1,4.7,0.455,1.1,2.8,0.397,1,1.9,0.538,0.572,0.8,0.9,0.841,0.1,1.2,1.3,2.3,0.5,0.1,0.7,1.6,6.2,payneca01
378,Cameron Payne,PG,29,PHI,9,1,19.2,3.6,8.6,0.416,1.6,4.3,0.359,2,4.2,0.474,0.506,1,1.1,0.9,0.4,0.8,1.2,3.3,0.3,0.2,1,1.4,9.7,payneca01
379,Gary Payton II,SG,31,GSW,25,0,15.4,2.4,4.7,0.521,0.5,1.6,0.333,1.9,3.1,0.615,0.577,0.4,0.5,0.692,1.2,1.7,3,1,1.1,0.4,0.5,1.6,5.8,paytoga02
380,Drew Peterson,PF,24,BOS,1,0,3,1,1,1,1,1,1,0,0,,1.5,0,0,,0,0,0,1,0,0,0,1,3,peterdr01
381,Filip Petrušev,C,23,TOT,3,0,3.3,0.3,0.7,0.5,0,0,,0.3,0.7,0.5,0.5,0.3,0.7,0.5,0,0.3,0.3,0,0,0,0,0.3,1,petrufi01
381,Filip Petrušev,C,23,PHI,1,0,3,0,0,,0,0,,0,0,,,0,0,,0,1,1,0,0,0,0,0,0,petrufi01
381,Filip Petrušev,C,23,SAC,2,0,3.5,0.5,1,0.5,0,0,,0.5,1,0.5,0.5,0.5,1,0.5,0,0,0,0,0,0,0,0.5,1.5,petrufi01
382,Julian Phillips,SF,20,CHI,34,0,7.2,0.7,1.7,0.414,0.2,0.8,0.259,0.5,0.9,0.548,0.474,0.2,0.4,0.571,0.3,0.5,0.8,0.4,0.1,0.2,0.2,1,1.9,phillju01
383,Jalen Pickett,SG,24,DEN,20,0,5.4,0.6,1.5,0.4,0.4,1.1,0.318,0.3,0.4,0.625,0.517,0.2,0.2,0.75,0.1,0.5,0.6,0.7,0.2,0,0.4,0.6,1.7,pickeja02
384,Scotty Pippen Jr.,PG,23,MEM,8,4,22.6,3.5,7.4,0.475,1.6,2.9,0.565,1.9,4.5,0.417,0.585,1.9,2.6,0.714,1,2.4,3.4,4.5,1,0.5,1.9,2.6,10.5,pippesc02
385,Mason Plumlee,C,33,LAC,27,9,16.9,2.3,3.5,0.642,0,0,,2.3,3.5,0.642,0.642,1.8,2.6,0.686,1.4,4.3,5.7,1.2,0.4,0.3,0.7,1.5,6.3,plumlma01
386,Brandin Podziemski,SG,20,GSW,52,19,26.8,3.8,8.5,0.451,1.2,3.4,0.366,2.6,5.2,0.507,0.524,0.7,1.2,0.613,1.5,4.2,5.8,3.9,0.8,0.2,1.3,1.8,9.7,podzibr01
387,Jakob Poeltl,C,28,TOR,49,49,26.6,5,7.6,0.656,0,0,,5,7.6,0.656,0.656,1.2,2.2,0.551,3,5.8,8.7,2.5,0.7,1.5,1.6,3,11.2,poeltja01
388,Aleksej Pokusevski,PF,22,OKC,10,0,6,0.4,1.6,0.25,0.2,1.1,0.182,0.2,0.5,0.4,0.313,0.2,0.4,0.5,0.2,0.8,1,0.5,0.1,0.1,0.3,0.5,1.2,pokusal01
389,Jordan Poole,SG,24,WAS,58,52,29.3,5.8,14.6,0.401,2.1,6.7,0.31,3.8,7.9,0.478,0.472,2.5,2.9,0.86,0.4,2.2,2.5,3.7,1.1,0.3,2.2,3.3,16.3,poolejo01
390,Craig Porter Jr.,PG,23,CLE,35,5,14,2.5,4.9,0.506,0.2,0.6,0.333,2.3,4.3,0.53,0.526,1,1.4,0.708,0.4,1.9,2.4,2.6,0.5,0.3,1,0.9,6.1,portecr01
391,Jontay Porter,PF,24,TOR,17,5,13,1.5,4.1,0.371,0.7,2.2,0.324,0.8,1.9,0.424,0.457,0.6,0.7,0.917,1,2.2,3.2,1.8,0.7,0.6,0.6,1.6,4.4,portejo01
392,Michael Porter Jr.,SF,25,DEN,59,59,31.7,6.3,13.3,0.475,2.7,6.9,0.39,3.6,6.4,0.566,0.576,1.1,1.3,0.821,1.4,5.7,7.1,1.5,0.5,0.7,1.1,1.9,16.4,portemi01
393,Otto Porter Jr.,SF,30,TOR,15,1,11.6,0.9,2.2,0.424,0.5,1.5,0.348,0.4,0.7,0.6,0.545,0.2,0.2,1,0.4,1.5,1.9,0.5,0.3,0.3,0.1,1.3,2.6,porteot01
394,Bobby Portis,PF,28,MIL,61,1,23.9,5.2,10.5,0.495,1.2,3.1,0.38,4,7.5,0.542,0.55,1.3,1.7,0.782,1.7,5.3,7,1.2,0.8,0.4,1,2.3,12.9,portibo01
395,Kristaps Porziņģis,C,28,BOS,44,44,29.6,6.8,12.8,0.526,1.9,5.1,0.375,4.8,7.8,0.625,0.6,4.9,5.7,0.859,1.6,5.3,6.9,1.9,0.6,1.8,1.6,2.8,20.3,porzikr01
396,Micah Potter,PF,25,UTA,2,0,3.5,0,0.5,0,0,0.5,0,0,0,,0,0,0,,0,2,2,0,0,0,0,0,0,pottemi01
397,Dwight Powell,C,32,DAL,50,8,14.7,1.3,1.9,0.705,0,0,0.5,1.3,1.9,0.71,0.711,1.2,1.7,0.723,1.6,2,3.6,1.5,0.4,0.4,0.6,2,3.9,poweldw01
398,Norman Powell,SG,30,LAC,57,1,25.5,4.8,9.9,0.491,2.2,4.8,0.447,2.7,5,0.533,0.601,1.7,2.1,0.831,0.2,2.4,2.6,1.1,0.5,0.3,0.9,1.8,13.6,powelno01
399,Jason Preston,PG,24,UTA,1,0,1,0,0,,0,0,,0,0,,,0,0,,1,0,1,0,0,0,1,0,0,prestja01
400,Joshua Primo,SG,21,LAC,2,0,5,0.5,1.5,0.333,0,0.5,0,0.5,1,0.5,0.333,0,0,,0.5,0,0.5,0,0,0.5,2,0,1,primojo01
401,Taurean Prince,PF,29,LAL,58,49,29.4,3.4,7.7,0.434,1.9,4.9,0.385,1.5,2.8,0.521,0.557,0.7,0.9,0.717,0.2,2.7,2.9,1.7,0.8,0.4,0.9,2.1,9.3,princta02
402,Payton Pritchard,PG,26,BOS,59,0,20.4,2.9,6.6,0.436,1.7,4.5,0.379,1.2,2.1,0.556,0.564,0.5,0.6,0.811,0.9,2.2,3.1,2.7,0.4,0.1,0.6,1.3,8,pritcpa01
403,Olivier-Maxence Prosper,PF,21,DAL,33,0,7.9,0.8,2.2,0.351,0.2,1,0.235,0.5,1.2,0.45,0.405,0.7,1,0.676,0.5,1.3,1.9,0.6,0.2,0.1,0.2,0.5,2.5,prospol01
404,Trevelin Queen,SG,26,ORL,13,0,12.5,1.1,2.9,0.368,0.2,1.3,0.176,0.8,1.6,0.524,0.408,0.7,0.9,0.75,0.2,1.2,1.5,1.4,0.5,0.4,0.5,1.2,3.1,queentr01
405,Neemias Queta,C,24,BOS,23,0,12.3,2.1,3.5,0.613,0,0,,2.1,3.5,0.613,0.613,0.7,0.9,0.75,1.9,2.5,4.4,0.5,0.4,0.6,0.4,2,4.9,quetane01
406,Immanuel Quickley,SG-PG,24,TOT,55,25,28,5.5,12.6,0.434,2.5,6.1,0.408,3,6.5,0.458,0.533,2.6,3,0.849,0.2,3.1,3.4,4,0.7,0.1,1.2,1.7,16,quickim01
406,Immanuel Quickley,SG,24,NYK,30,0,24,5.1,11.2,0.454,2.1,5.4,0.395,2.9,5.8,0.509,0.549,2.7,3.1,0.872,0.2,2.4,2.6,2.5,0.5,0.1,1,1.5,15,quickim01
406,Immanuel Quickley,PG,24,TOR,25,25,32.8,6,14.4,0.415,3,7,0.42,3,7.3,0.41,0.518,2.4,2.9,0.819,0.3,4,4.3,5.8,0.8,0.2,1.4,1.9,17.2,quickim01
407,Lester Quinones,SG,23,GSW,25,0,12.3,1.5,3.9,0.392,0.9,2.3,0.379,0.6,1.6,0.41,0.505,0.7,1,0.68,0.8,1.5,2.3,1.2,0.2,0.1,0.6,1.4,4.6,quinole01
408,Julius Randle,PF,29,NYK,46,46,35.4,8.6,18.2,0.472,1.7,5.3,0.311,6.9,12.9,0.539,0.518,5.1,6.6,0.781,2.2,7,9.2,5,0.5,0.3,3.5,2.7,24,randlju01
409,Duop Reath,C,27,POR,44,12,17.2,3.3,7.1,0.466,1.3,3.6,0.363,2,3.4,0.576,0.559,1,1.3,0.724,1.5,2.3,3.8,1.1,0.5,0.5,0.8,2.5,8.9,reathdu01
410,Austin Reaves,SG,25,LAL,61,36,31.4,5.5,11.2,0.49,1.7,4.7,0.36,3.8,6.4,0.585,0.566,2.9,3.4,0.865,0.7,3.4,4,5.4,0.9,0.2,2.1,1.9,15.6,reaveau01
411,Cam Reddish,SF,24,LAL,37,26,22.7,2.3,5.6,0.407,0.9,2.6,0.34,1.4,3,0.464,0.486,1,1.2,0.783,0.5,1.8,2.4,1.3,1.2,0.3,0.8,1.5,6.5,reddica01
412,Paul Reed,C,24,PHI,59,22,18.2,2.9,5.4,0.544,0.2,0.6,0.343,2.7,4.8,0.569,0.563,0.6,0.8,0.739,2.2,3.4,5.6,1.2,0.7,0.8,0.7,2.4,6.6,reedpa01
413,Naz Reid,C,24,MIN,60,0,23,4.7,9.7,0.485,1.9,4.6,0.406,2.8,5.1,0.558,0.582,1.2,1.6,0.766,1,3.8,4.7,1.1,0.7,0.8,1.2,2.1,12.4,reidna01
414,Jared Rhoden,SG,24,DET,6,0,7,1,1.8,0.545,0.2,0.7,0.25,0.8,1.2,0.714,0.591,0.3,0.3,1,0.2,0.7,0.8,0.7,0,0.3,0.5,0.7,2.5,rhodeja01
415,Nick Richards,C,26,CHO,51,38,26.1,3.9,5.7,0.692,0,0,0,3.9,5.6,0.694,0.692,2.2,3,0.73,2.7,5.4,8,0.8,0.4,1.3,1.1,2.7,10,richani01
416,Josh Richardson,SG,30,MIA,43,6,25.7,3.6,8.1,0.444,1.5,4.4,0.347,2,3.7,0.561,0.539,1.2,1.3,0.944,0.4,2.4,2.8,2.4,0.6,0.3,0.8,1.8,9.9,richajo01
417,Duncan Robinson,SF,29,MIA,54,22,28,4.6,10.1,0.455,2.8,6.8,0.409,1.8,3.3,0.551,0.594,1.3,1.5,0.886,0.2,2.2,2.4,3,0.7,0.2,1.4,2.4,13.3,robindu01
418,Jerome Robinson,SG,26,GSW,13,0,3,0.2,0.9,0.167,0.1,0.5,0.143,0.1,0.4,0.2,0.208,0.4,0.6,0.625,0.1,0.2,0.2,0.2,0,0.1,0,0.2,0.8,robinje01
419,Mitchell Robinson,C,25,NYK,21,21,29.2,2.8,4.7,0.592,0,0,,2.8,4.7,0.592,0.592,0.7,1.8,0.368,5.3,5,10.3,0.7,1.5,1.3,1,1.9,6.2,robinmi01
420,Orlando Robinson,C,23,MIA,25,7,10.1,1.3,2.5,0.516,0.3,0.5,0.538,1,2,0.51,0.573,0.7,1,0.75,0.8,2,2.8,1.1,0.2,0.3,0.6,1.2,3.6,robinor01
421,Jeremiah Robinson-Earl,PF,23,NOP,26,1,9.8,1.3,2.6,0.515,0.5,1.1,0.414,0.9,1.5,0.59,0.603,0.5,0.6,0.8,0.7,1.5,2.2,0.4,0.3,0.2,0.5,0.7,3.6,robinje02
422,David Roddy,PF,22,TOT,51,13,22.1,3.1,7.6,0.404,0.9,3.1,0.304,2.1,4.5,0.472,0.465,0.9,1.3,0.687,1,3,4,1.5,0.5,0.2,1.1,1.4,8,roddyda01
422,David Roddy,PF,22,MEM,48,13,23.2,3.2,8,0.402,1,3.3,0.301,2.3,4.8,0.47,0.462,1,1.4,0.687,1.1,3.1,4.2,1.6,0.5,0.2,1.1,1.4,8.4,roddyda01
422,David Roddy,PF,22,PHO,3,0,4,0.7,1,0.667,0.3,0.7,0.5,0.3,0.3,1,0.833,0,0,,0,0.7,0.7,0,0,0,0.3,0.3,1.7,roddyda01
423,Ryan Rollins,PG,21,WAS,10,0,6.6,1.3,2.5,0.52,0.2,0.3,0.667,1.1,2.2,0.5,0.56,1.3,1.7,0.765,0.2,0.9,1.1,1.1,0.8,0.3,0.7,0.7,4.1,rolliry01
424,Derrick Rose,PG,35,MEM,24,7,16.6,3.2,6.9,0.461,0.6,1.7,0.366,2.5,5.2,0.492,0.506,1,1.1,0.889,0.3,1.6,1.9,3.3,0.3,0.1,1.3,0.9,8,rosede01
425,Terry Rozier,SG-PG,29,TOT,42,41,34,7.4,16.8,0.441,2.3,6.9,0.333,5.1,9.9,0.516,0.509,3.4,3.9,0.87,0.6,3.4,4.1,6.2,1,0.4,1.9,1.7,20.5,roziete01
425,Terry Rozier,SG,29,CHO,30,30,35.5,8.4,18.3,0.459,2.8,7.7,0.358,5.6,10.6,0.533,0.535,3.6,4.3,0.845,0.6,3.3,3.9,6.6,1.1,0.4,2.2,1.7,23.2,roziete01
425,Terry Rozier,PG,29,MIA,12,11,30.2,4.9,13.1,0.376,1.2,4.9,0.237,3.8,8.2,0.459,0.42,2.7,2.8,0.97,0.8,3.7,4.5,5.3,0.8,0.3,1.3,1.7,13.7,roziete01
426,Rayan Rupert,SG,19,POR,17,0,7.4,0.9,2.6,0.356,0.5,1.1,0.444,0.5,1.6,0.296,0.444,0.4,0.6,0.7,0.5,0.9,1.4,0.8,0.2,0,0.4,0.5,2.8,ruperra01
427,D'Angelo Russell,PG,27,LAL,56,49,31.7,6.5,13.9,0.466,2.7,6.6,0.417,3.8,7.4,0.51,0.564,2,2.5,0.804,0.4,2.5,2.9,6.4,0.8,0.5,2,2.1,17.7,russeda01
428,Matt Ryan,SF,26,NOP,18,1,19,2.5,5.6,0.45,2.1,4.5,0.469,0.4,1.1,0.368,0.64,0.7,0.8,0.929,0.3,1.7,2.1,0.8,0.3,0.1,1,1.6,7.8,ryanma01
429,Domantas Sabonis,C,27,SAC,59,59,35.8,8.1,13.1,0.614,0.5,1.1,0.424,7.6,12,0.631,0.632,3.3,4.8,0.689,3.4,9.9,13.2,8.4,0.8,0.6,3.2,3.1,19.9,sabondo01
430,Luka Šamanić,PF,24,UTA,28,0,5.8,0.9,2.4,0.388,0.3,1,0.259,0.7,1.4,0.475,0.44,0.6,0.8,0.818,0.3,1.4,1.7,0.1,0,0.1,0.4,0.6,2.8,samanlu01
431,Jermaine Samuels,SF,25,HOU,11,0,4.8,0.7,1,0.727,0,0.2,0,0.7,0.8,0.889,0.727,0.2,0.2,1,0.2,0.8,1,0.2,0.1,0.1,0,0.4,1.6,samueje01
432,Adama Sanogo,PF,21,CHI,3,0,3.7,1,1,1,0,0,,1,1,1,1,0.7,1,0.667,0.7,1.3,2,0,0,0,0.3,0,2.7,sanogad01
433,Gui Santos,PF,21,GSW,14,0,8.4,1.2,2.4,0.5,0.4,1.1,0.4,0.8,1.4,0.579,0.588,1,1.1,0.933,0.9,1.6,2.4,0.5,0.2,0.1,0.3,1.1,3.9,santogu01
434,Dario Šarić,C,29,GSW,57,9,18.4,3.1,6.6,0.465,1.3,3.4,0.382,1.8,3.2,0.552,0.563,1.3,1.5,0.864,1.2,3.5,4.8,2.4,0.5,0.2,1.2,1.9,8.7,saricda01
435,Olivier Sarr,C,24,OKC,13,0,6.9,0.8,1.4,0.556,0.2,0.5,0.333,0.6,0.9,0.667,0.611,0.7,1,0.692,0.8,1.9,2.7,0.2,0,0.5,0.2,1.3,2.4,sarrol01
436,Marcus Sasser,PG,23,DET,50,0,16.3,2.9,6.2,0.468,1.2,2.8,0.424,1.7,3.4,0.503,0.563,0.7,0.8,0.85,0.1,1.4,1.5,3,0.5,0.2,1,1.4,7.7,sassema01
437,Admiral Schofield,PF,26,ORL,13,0,3.8,0.5,1.2,0.375,0.2,0.8,0.3,0.2,0.5,0.5,0.469,0,0.2,0,0.1,0.5,0.6,0.4,0,0,0.3,0.5,1.2,schofad01
438,Dennis Schröder,PG,30,TOT,59,37,29.9,4.8,11,0.44,1.6,4.3,0.371,3.2,6.6,0.485,0.513,2.2,2.6,0.833,0.4,2.4,2.8,5.9,0.8,0.1,1.7,2.1,13.5,schrode01
438,Dennis Schröder,PG,30,TOR,51,33,30.6,4.8,11,0.442,1.5,4.3,0.35,3.3,6.6,0.501,0.511,2.5,2.9,0.852,0.4,2.3,2.7,6.1,0.9,0.2,1.6,2.1,13.7,schrode01
438,Dennis Schröder,PG,30,BRK,8,4,25.9,4.8,11.1,0.427,2.3,4.5,0.5,2.5,6.6,0.377,0.528,0.4,0.9,0.429,0.1,3,3.1,4.3,0.4,0,2.3,2,12.1,schrode01
439,Dereon Seabron,SG,23,NOP,6,0,9.2,0.7,2.2,0.308,0.2,0.3,0.5,0.5,1.8,0.273,0.346,0.8,1,0.833,0.2,1,1.2,0.8,0.3,0.2,0,0.7,2.3,seabrde01
440,Alperen Şengün,C,21,HOU,58,58,32.3,8.2,15.2,0.539,0.5,1.8,0.292,7.7,13.4,0.573,0.557,3.9,5.6,0.706,2.8,6.3,9.1,4.9,1.1,0.7,2.6,3.3,20.8,sengual01
441,Brice Sensabaugh,SF,20,UTA,10,0,7.6,1,2.6,0.385,0.5,1.4,0.357,0.5,1.2,0.417,0.481,0.3,0.3,1,0.1,0.8,0.9,0.4,0.1,0,0.7,1,2.8,sensabr01
442,Collin Sexton,SG,25,UTA,60,37,24.8,6,12.4,0.484,1.6,4.1,0.399,4.4,8.4,0.525,0.549,4.3,5,0.859,0.8,1.7,2.5,4.6,0.8,0.2,2,2,17.9,sextoco01
443,Landry Shamet,SG,26,WAS,43,5,16,2.7,6.3,0.43,1.2,3.6,0.342,1.5,2.7,0.548,0.528,0.9,1.1,0.826,0.4,1,1.4,1.2,0.6,0.2,0.7,1.7,7.5,shamela01
444,Day'Ron Sharpe,C,22,BRK,44,1,15.7,3,5.1,0.587,0.1,0.3,0.364,2.9,4.8,0.599,0.596,1.4,2.2,0.622,2.7,4.1,6.8,1.5,0.5,0.8,1.1,2.3,7.4,sharpda01
445,Shaedon Sharpe,SG,20,POR,32,25,33.1,5.5,13.6,0.406,1.9,5.6,0.333,3.6,7.9,0.457,0.475,3.1,3.7,0.824,1.3,3.7,5,2.9,0.9,0.4,2.3,2.8,15.9,sharpsh01
446,Ben Sheppard,SG,22,IND,37,0,11.6,1.4,3.3,0.41,0.8,2.2,0.337,0.6,1.1,0.564,0.525,0.4,0.5,0.824,0.2,1.1,1.3,0.8,0.5,0.1,0.2,1.4,3.8,sheppbe01
447,Pascal Siakam,PF,29,TOT,59,59,34,8.4,15.8,0.534,1.2,3.5,0.341,7.2,12.3,0.589,0.572,3.7,5,0.735,1.5,5,6.5,4.7,0.8,0.3,1.9,2.4,21.7,siakapa01
447,Pascal Siakam,PF,29,TOR,39,39,34.7,8.3,16,0.522,1.2,3.7,0.317,7.2,12.3,0.584,0.559,4.3,5.7,0.758,1.4,4.9,6.3,4.9,0.8,0.3,2.1,2.2,22.2,siakapa01
447,Pascal Siakam,PF,29,IND,20,20,32.5,8.6,15.4,0.558,1.3,3.2,0.397,7.4,12.3,0.6,0.599,2.4,3.6,0.662,1.8,5.1,6.8,4.5,0.8,0.4,1.5,2.7,20.8,siakapa01
448,Ben Simmons,PG,27,BRK,15,12,23.9,2.9,4.9,0.581,0,0,,2.9,4.9,0.581,0.581,0.4,1,0.4,2.1,5.9,7.9,5.7,0.8,0.6,1.8,2.4,6.1,simmobe01
449,Anfernee Simons,SG,24,POR,35,35,33.6,7.7,18.2,0.424,3.3,8.6,0.377,4.5,9.6,0.466,0.513,3.5,3.8,0.917,0.5,3,3.5,5.3,0.5,0.1,2.6,2.2,22.1,simonan01
450,Jericho Sims,C,25,NYK,33,10,12.5,1,1.4,0.733,0,0,,1,1.4,0.733,0.733,0.4,0.6,0.65,1.2,1.9,3.1,0.6,0.1,0.4,0.3,0.9,2.4,simsje01
451,Dmytro Skapintsev,C,25,NYK,2,0,1,0,0.5,0,0,0,,0,0.5,0,0,0,0,,0,0,0,0,0,0,0,0,0,skapidm01
452,Jalen Slawson,SF,24,SAC,5,0,3.8,0.4,0.6,0.667,0,0.2,0,0.4,0.4,1,0.667,0,0,,0,0.8,0.8,0.4,0,0.2,0.4,0.6,0.8,slawsja01
453,Javonte Smart,PG,24,PHI,1,0,1,0,0,,0,0,,0,0,,,0,0,,0,0,0,0,0,0,0,0,0,smartja01
454,Marcus Smart,PG,29,MEM,20,20,30.3,5.1,11.9,0.43,2.1,6.7,0.313,3,5.2,0.583,0.519,2.2,2.8,0.768,0.3,2.4,2.7,4.3,2.1,0.3,3.1,2.7,14.5,smartma01
455,Dennis Smith Jr.,PG,26,BRK,43,1,19.7,2.8,6.4,0.433,0.5,1.9,0.275,2.3,4.6,0.497,0.473,0.8,1.1,0.745,1,2.2,3.2,3.9,1.1,0.2,1.3,2.2,6.9,smithde03
456,Dru Smith,SG,26,MIA,9,0,14.6,1.7,3.7,0.455,0.8,1.9,0.412,0.9,1.8,0.5,0.561,0.2,0.2,1,0.7,0.9,1.6,1.6,1,0.3,0.6,1.3,4.3,smithdr01
457,Ish Smith,PG,35,CHO,43,5,17.2,1.5,3.7,0.418,0.1,0.2,0.5,1.4,3.5,0.413,0.43,0.1,0.1,0.75,0.3,1.5,1.8,3.4,0.4,0.1,1.1,1.1,3.2,smithis01
458,Jabari Smith Jr.,PF,20,HOU,54,54,32.1,4.9,10.9,0.451,1.7,4.7,0.355,3.2,6.1,0.524,0.528,1.9,2.4,0.819,2.1,6.8,8.8,1.5,0.7,0.7,1.2,2.7,13.4,smithja05
459,Jalen Smith,C,23,IND,42,13,17.8,4.1,6.7,0.616,1.1,2.4,0.451,3,4.3,0.709,0.698,1.1,1.5,0.708,1.6,3.9,5.5,1,0.3,0.6,0.8,2.2,10.4,smithja04
460,Nick Smith Jr.,SG,19,CHO,37,0,15.5,2.4,5.9,0.406,1.4,3.1,0.451,1,2.8,0.356,0.523,0.3,0.4,0.846,0.4,1,1.5,1.2,0.2,0.2,0.9,1.2,6.4,smithni01
461,Terquavion Smith,PG,21,PHI,12,0,5.8,1.3,3.3,0.4,1,2.6,0.387,0.3,0.8,0.444,0.55,0.2,0.3,0.667,0,0.2,0.2,0.8,0.6,0,0.3,0.3,3.8,smithte01
462,Jeremy Sochan,PF,20,SAS,60,59,29.4,4.5,10.2,0.44,1,2.8,0.335,3.5,7.3,0.481,0.487,1.4,1.9,0.768,1.8,4.3,6.1,3.4,0.8,0.4,1.9,2.3,11.3,sochaje01
463,Pat Spencer,PG,27,GSW,1,0,2,0,0,,0,0,,0,0,,,0,0,,0,0,0,0,0,0,0,0,0,spencpa01
464,Jaden Springer,SG-PG,21,TOT,36,1,10.7,1.3,3.4,0.385,0.2,1.1,0.211,1.1,2.3,0.464,0.418,0.8,0.9,0.824,0.8,0.9,1.7,1,0.7,0.3,0.7,1.4,3.6,sprinja01
464,Jaden Springer,SG,21,PHI,32,1,11.8,1.4,3.7,0.39,0.3,1.2,0.216,1.2,2.5,0.469,0.424,0.9,1.1,0.824,0.8,1,1.8,1.1,0.8,0.3,0.8,1.5,4,sprinja01
464,Jaden Springer,PG,21,BOS,4,0,1.8,0.3,1,0.25,0,0.3,0,0.3,0.8,0.333,0.25,0,0,,0.5,0,0.5,0,0,0,0,0.3,0.5,sprinja01
465,Lamar Stevens,PF,26,TOT,26,1,10.3,2.2,4.2,0.523,0.3,0.5,0.5,1.9,3.7,0.526,0.555,0.7,0.9,0.708,0.8,1.8,2.6,0.6,0.3,0.5,0.7,1.1,5.3,stevela01
465,Lamar Stevens,PF,26,BOS,19,1,6.4,1.1,2.4,0.467,0.2,0.4,0.375,0.9,1.9,0.486,0.5,0.4,0.6,0.727,0.6,1,1.6,0.4,0.3,0.3,0.5,0.7,2.8,stevela01
465,Lamar Stevens,PF,26,MEM,7,0,20.7,5.1,9.1,0.563,0.6,0.9,0.667,4.6,8.3,0.552,0.594,1.3,1.9,0.692,1.3,3.9,5.1,1,0.4,1,1.1,2,12.1,stevela01
466,Isaiah Stewart,PF,22,DET,37,36,30.7,4.1,8.7,0.471,1.5,3.9,0.382,2.6,4.8,0.542,0.556,1.5,2,0.74,1.8,5.2,6.9,1.7,0.4,0.8,1.5,2.4,11.2,stewais01
467,Julian Strawther,SF,21,DEN,39,0,12.7,1.9,5.1,0.375,1,3.2,0.304,0.9,1.9,0.493,0.47,0.5,0.6,0.72,0.1,1.2,1.3,1.1,0.4,0.2,0.4,1.2,5.3,strawju01
468,Max Strus,SF,27,CLE,59,59,32.2,4.4,10.7,0.415,2.4,7.1,0.341,2,3.6,0.561,0.528,1.1,1.3,0.785,0.9,3.9,4.8,3.8,0.9,0.5,1.5,2.6,12.3,strusma01
469,Jalen Suggs,SG,22,ORL,55,55,26.6,4.4,9.6,0.457,2.1,5.2,0.392,2.3,4.4,0.533,0.563,1.4,1.9,0.76,0.7,2.5,3.2,2.5,1.4,0.6,1.9,2.8,12.3,suggsja01
470,Cole Swider,SF,24,MIA,11,0,5,0.8,2.3,0.36,0.5,1.7,0.263,0.4,0.5,0.667,0.46,0.2,0.2,1,0.1,0.3,0.4,0.4,0.1,0.1,0.5,0.2,2.3,swideco01
471,Jae'Sean Tate,SF,28,HOU,53,9,17.1,1.8,3.7,0.47,0.4,1.3,0.304,1.4,2.4,0.558,0.523,0.4,0.6,0.688,1,2.3,3.3,1.1,0.7,0.2,0.5,2.3,4.3,tateja01
472,Jayson Tatum,PF,25,BOS,56,56,35.9,9.2,19.3,0.476,3.1,8.4,0.364,6.1,10.9,0.561,0.555,5.6,6.8,0.826,0.8,7.7,8.5,4.8,1,0.6,2.5,2,27.1,tatumja01
473,Terry Taylor,PF,24,CHI,23,0,7,0.7,1.5,0.5,0.1,0.4,0.222,0.7,1.1,0.6,0.529,0.1,0.1,0.667,0.7,0.8,1.4,0.3,0.2,0.1,0.3,0.7,1.7,taylote01
474,Garrett Temple,SG,37,TOR,16,0,4.3,0.5,1.3,0.381,0.1,0.6,0.222,0.4,0.8,0.5,0.429,0.3,0.4,0.833,0.3,0.4,0.7,0.4,0.2,0,0.3,0.4,1.4,templga01
475,Dalen Terry,SG,21,CHI,40,1,10.1,0.8,2.1,0.393,0.3,1.2,0.239,0.6,1,0.579,0.458,0.5,0.7,0.692,0.4,1.3,1.7,1.3,0.4,0.2,0.5,1.3,2.4,terryda01
476,Daniel Theis,C,31,TOT,43,3,17.1,2.6,4.9,0.541,0.4,1,0.4,2.2,3.8,0.579,0.584,0.7,1,0.721,1.4,2.3,3.8,1,0.4,0.9,0.7,2.3,6.4,theisda01
476,Daniel Theis,C,31,IND,1,0,8,1,4,0.25,0,1,0,1,3,0.333,0.25,0,0,,0,0,0,0,0,0,0,1,2,theisda01
476,Daniel Theis,C,31,LAC,42,3,17.4,2.7,4.9,0.546,0.4,1,0.409,2.2,3.8,0.584,0.59,0.7,1,0.721,1.5,2.4,3.9,1,0.4,0.9,0.7,2.3,6.5,theisda01
477,Cam Thomas,SG,22,BRK,48,33,29.8,7.5,17.3,0.437,2,5.6,0.36,5.5,11.7,0.474,0.495,3.8,4.5,0.839,0.4,2.5,2.9,2.7,0.8,0.3,1.8,2.1,20.9,thomaca02
478,Amen Thompson,SF,21,HOU,40,6,19.5,3.1,6.3,0.5,0.2,1.2,0.149,3,5.1,0.581,0.514,1.3,2.1,0.631,1.8,3.8,5.7,2.3,1.2,0.6,1.5,2.3,7.8,thompam01
479,Ausar Thompson,SF,21,DET,59,34,24.8,3.7,7.5,0.495,0.3,1.6,0.188,3.4,5.9,0.58,0.516,1.1,1.8,0.589,2.1,4.3,6.4,1.9,1.1,0.9,1.3,2.8,8.8,thompau01
480,Klay Thompson,SF,33,GSW,56,50,30.2,6.1,14.5,0.42,3.3,8.8,0.378,2.8,5.7,0.484,0.535,1.7,1.8,0.922,0.5,3.1,3.5,2.2,0.6,0.5,1.5,1.8,17.1,thompkl01
481,Tristan Thompson,C,32,CLE,36,0,12.4,1.7,2.6,0.649,0,0,0,1.7,2.6,0.656,0.649,0.4,1.2,0.31,1.6,2.3,3.9,1.1,0.2,0.3,0.6,1.4,3.8,thomptr01
482,JT Thor,PF,21,CHO,46,1,12.8,1.1,3,0.364,0.4,1.3,0.317,0.7,1.7,0.4,0.432,0.2,0.3,0.538,0.8,1.6,2.4,0.4,0.2,0.4,0.3,1,2.8,thorjt01
483,Matisse Thybulle,SF,26,POR,56,19,23.3,1.9,4.9,0.387,1.2,3.6,0.338,0.7,1.3,0.529,0.513,0.3,0.4,0.792,0.4,1.5,1.9,1.3,1.8,0.8,0.6,1.4,5.4,thybuma01
484,Xavier Tillman Sr.,C-PF,25,TOT,36,13,19.9,2.5,6,0.419,0.3,1.5,0.226,2.2,4.6,0.482,0.447,0.5,1.2,0.419,1.6,2.8,4.4,1.6,1.2,1,0.8,1.7,5.9,tillmxa01
484,Xavier Tillman Sr.,C,25,MEM,34,13,20.6,2.6,6.3,0.408,0.4,1.6,0.226,2.2,4.7,0.469,0.437,0.5,1.3,0.419,1.6,3,4.6,1.7,1.2,1,0.9,1.8,6,tillmxa01
484,Xavier Tillman Sr.,PF,25,BOS,2,0,9,2,2,1,0,0,,2,2,1,1,0,0,,0,0.5,0.5,1,0,1,0,1,4,tillmxa01
485,Jacob Toppin,SF,23,NYK,8,0,4.6,0.6,1.1,0.556,0.1,0.5,0.25,0.5,0.6,0.8,0.611,0.3,0.3,1,0.4,0.5,0.9,0.4,0,0.1,0.1,0.4,1.6,toppija01
486,Obi Toppin,PF,25,IND,61,28,22.2,4.1,7.3,0.562,1.3,3.2,0.4,2.8,4.1,0.687,0.649,1,1.3,0.747,1.1,2.8,3.9,1.6,0.5,0.5,0.9,1.8,10.5,toppiob01
487,Juan Toscano-Anderson,SF,30,SAC,11,0,4.8,0.3,1.1,0.25,0.1,0.4,0.25,0.2,0.7,0.25,0.292,0,0,,0.4,0.9,1.3,0.4,0.1,0.1,0.2,1,0.6,toscaju01
488,Karl-Anthony Towns,PF,28,MIN,58,58,33,7.9,15.6,0.51,2.3,5.3,0.43,5.7,10.3,0.551,0.583,4.2,4.8,0.878,1.5,7,8.5,2.9,0.7,0.7,2.8,3.3,22.3,townska01
489,Gary Trent Jr.,SG,25,TOR,55,25,26.8,4.3,10.4,0.416,2.4,5.8,0.406,1.9,4.5,0.428,0.53,0.7,1,0.704,0.3,2.1,2.3,1.5,0.9,0.1,0.7,1.3,11.7,trentga02
490,Oscar Tshiebwe,PF,24,IND,8,0,5.3,1.3,2.5,0.5,0,0,,1.3,2.5,0.5,0.5,0.8,1,0.75,1,1,2,0.3,0.3,0.1,0,0.4,3.3,tshieos01
491,P.J. Tucker,PF,38,TOT,18,3,14.9,0.3,1.1,0.3,0.3,0.9,0.313,0.1,0.2,0.25,0.425,0.2,0.2,1,0.9,1.7,2.7,0.4,0.5,0.2,0.3,2.1,1.1,tuckepj01
491,P.J. Tucker,PF,38,PHI,3,3,22,0.7,1.7,0.4,0.7,1.7,0.4,0,0,,0.6,0,0,,0.3,4.3,4.7,0,1,0.7,0.7,3,2,tuckepj01
491,P.J. Tucker,PF,38,LAC,15,0,13.5,0.3,1,0.267,0.2,0.7,0.273,0.1,0.3,0.25,0.367,0.2,0.2,1,1.1,1.2,2.3,0.5,0.4,0.1,0.2,1.9,0.9,tuckepj01
492,Myles Turner,C,27,IND,57,57,27.3,6.2,11.8,0.527,1.3,4,0.33,4.9,7.8,0.628,0.583,3.5,4.4,0.788,1.6,5.5,7.1,1.3,0.6,1.8,1.5,3.2,17.2,turnemy01
493,Hunter Tyson,PF,23,DEN,10,0,3,0.2,1,0.2,0.1,0.8,0.125,0.1,0.2,0.5,0.25,0,0,,0.1,0.7,0.8,0.1,0,0,0.2,0.6,0.5,tysonhu01
494,Stanley Umude,SG,24,DET,17,0,11.2,1.5,3.1,0.481,1,1.8,0.548,0.5,1.2,0.381,0.644,1.3,1.4,0.917,0.2,1.6,1.8,0.5,0.2,0.3,0.6,1.6,5.2,umudest01
495,Jonas Valančiūnas,C,31,NOP,61,61,25.2,5.4,9.5,0.569,0.5,1.5,0.351,4.9,7.9,0.612,0.598,2.2,2.7,0.795,2.6,6.9,9.5,2.2,0.4,1,1.4,2.8,13.5,valanjo01
496,Jarred Vanderbilt,PF,24,LAL,29,6,20,2,3.9,0.518,0.3,0.9,0.296,1.8,3,0.586,0.553,0.8,1.2,0.667,1.4,3.3,4.8,1.2,1.2,0.2,1,1.5,5.2,vandeja01
497,Fred VanVleet,PG,29,HOU,52,52,36.7,5.4,13.4,0.405,2.9,7.8,0.369,2.6,5.6,0.454,0.512,2.6,3,0.86,0.4,3.3,3.7,7.9,1.1,0.9,1.7,2.3,16.4,vanvlfr01
498,Devin Vassell,SG,23,SAS,55,49,32,7.2,15.2,0.471,2.5,6.7,0.376,4.7,8.5,0.546,0.554,2.5,3.1,0.794,0.4,3.3,3.7,3.9,1,0.4,1.5,1,19.3,vassede01
499,Sasha Vezenkov,PF,28,SAC,35,0,12.6,2.1,4.7,0.448,1.1,2.9,0.38,1,1.9,0.554,0.564,0.3,0.4,0.769,0.9,1.6,2.5,0.4,0.5,0.2,0.3,1,5.6,vezenal01
500,Gabe Vincent,PG,27,LAL,5,0,25.4,2.4,6.4,0.375,0.4,3.4,0.118,2,3,0.667,0.406,0.2,0.4,0.5,0.4,0.6,1,3,1.2,0,0.4,2.4,5.4,vincega01
501,Nikola Vučević,C,33,CHI,55,53,34.6,7.7,16.2,0.474,1.1,4.2,0.273,6.5,12,0.544,0.509,1.4,1.7,0.835,2.8,7.9,10.7,3.4,0.7,0.8,1.6,2.7,17.9,vucevni01
502,Dean Wade,PF,27,CLE,50,30,20.1,1.7,4.1,0.411,1.4,3.6,0.398,0.3,0.5,0.5,0.585,0.3,0.4,0.81,0.7,3.3,4,0.8,0.8,0.4,0.4,1.8,5.2,wadede01
503,Franz Wagner,SF,22,ORL,52,52,33.1,7.7,15.9,0.481,1.5,5,0.308,6.1,10.9,0.561,0.53,3.8,4.4,0.855,1.1,4.5,5.6,4.1,1.1,0.4,2.1,2.3,20.6,wagnefr01
504,Moritz Wagner,C,26,ORL,58,1,18.5,4.3,7.2,0.592,0.5,1.4,0.325,3.8,5.8,0.658,0.624,2.3,2.9,0.804,1.6,3,4.6,1.2,0.5,0.3,1.2,2.1,11.3,wagnemo01
505,Ish Wainright,SF,29,POR,7,0,6.6,0.9,2.6,0.333,0.9,2.3,0.375,0,0.3,0,0.5,0.3,0.3,1,0,1.3,1.3,0,0.3,0.1,0.1,0.6,2.9,wainris01
506,Jabari Walker,SF,21,POR,54,14,21.9,3.1,6.5,0.471,0.5,1.9,0.275,2.5,4.6,0.552,0.511,1.7,2.3,0.762,2,4.3,6.3,0.8,0.6,0.4,0.9,2.2,8.4,walkeja01
507,Jarace Walker,PF,20,IND,20,0,10.4,1.5,3.8,0.395,0.7,1.9,0.378,0.8,2,0.41,0.487,0.3,0.4,0.857,0.4,1.5,1.9,1.4,0.6,0.5,0.6,1,4,walkeja02
508,Lonnie Walker IV,SG,25,BRK,39,0,18.1,4,8.9,0.451,2.1,4.9,0.427,1.9,4,0.481,0.569,1,1.3,0.776,0.2,1.9,2.2,1.5,0.7,0.3,1,1.3,11.1,walkelo01
509,Cason Wallace,SG,20,OKC,59,9,20.5,2.6,5.1,0.505,1.2,2.8,0.413,1.4,2.3,0.618,0.619,0.4,0.5,0.793,0.6,1.6,2.3,1.4,0.8,0.4,0.4,1.6,6.7,wallaca01
510,Jordan Walsh,SF,19,BOS,4,0,8.3,0.3,1.3,0.2,0,0.8,0,0.3,0.5,0.5,0.2,0,0,,0.5,2.3,2.8,0.5,0.5,0.3,0.5,1.3,0.5,walshjo01
511,P.J. Washington,PF,25,TOT,52,24,29.6,5.1,11.4,0.446,1.8,5.5,0.321,3.3,5.9,0.564,0.524,1.4,2,0.689,1.2,4.1,5.3,2.1,0.9,0.8,1.5,2.5,13.3,washipj01
511,P.J. Washington,PF,25,CHO,44,17,29.2,5.2,11.6,0.446,1.8,5.5,0.324,3.4,6,0.558,0.524,1.5,2.1,0.713,1.2,4.1,5.3,2.2,0.9,0.7,1.5,2.5,13.6,washipj01
511,P.J. Washington,PF,25,DAL,8,7,31.4,4.6,10.4,0.446,1.6,5.4,0.302,3,5,0.6,0.524,0.5,1.1,0.444,1,4.4,5.4,1.3,0.9,0.9,1.5,2.3,11.4,washipj01
512,TyTy Washington Jr.,PG,22,MIL,5,0,4.2,0.2,1.4,0.143,0.2,0.6,0.333,0,0.8,0,0.214,0,0,,0,0.2,0.2,0.2,0.4,0,0.4,0,0.6,washity02
513,Yuta Watanabe,SF,29,TOT,34,0,13.6,1.2,3.4,0.353,0.7,2.5,0.294,0.5,0.9,0.516,0.461,0.3,0.5,0.588,0.3,1.3,1.6,0.4,0.4,0.2,0.6,1.1,3.4,watanyu01
513,Yuta Watanabe,SF,29,PHO,29,0,13.2,1.2,3.3,0.361,0.8,2.6,0.32,0.4,0.8,0.5,0.485,0.3,0.5,0.667,0.4,1.2,1.6,0.3,0.3,0.2,0.6,1.2,3.6,watanyu01
513,Yuta Watanabe,SF,29,MEM,5,0,16.4,1.2,3.8,0.316,0.2,2,0.1,1,1.8,0.556,0.342,0,0.4,0,0,1.8,1.8,1,0.6,0,0.6,1,2.6,watanyu01
514,Lindy Waters III,SG,26,OKC,25,0,6.8,0.9,2.1,0.442,0.8,1.9,0.438,0.1,0.2,0.5,0.644,0,0,,0,0.9,0.9,0.5,0,0.2,0.2,0.7,2.7,waterli01
515,Trendon Watford,PF,23,BRK,42,0,11.8,2.3,4.3,0.539,0.3,0.9,0.368,2,3.4,0.585,0.578,1,1.1,0.894,0.8,1.8,2.6,1.3,0.4,0.2,0.7,1.6,6,watfotr01
516,Peyton Watson,SF,21,DEN,58,4,18.2,2.6,5.5,0.469,0.7,2,0.339,1.9,3.4,0.545,0.531,0.9,1.4,0.684,0.7,2.2,2.9,1,0.6,0.9,0.8,1.7,6.8,watsope01
517,Victor Wembanyama,C,20,SAS,54,54,28.7,7.6,16.2,0.467,1.6,5,0.327,5.9,11.1,0.53,0.518,4,4.9,0.814,2.2,8,10.2,3.4,1.3,3.3,3.4,2.2,20.7,wembavi01
518,Blake Wesley,SG,20,SAS,39,1,12.9,1.5,3.1,0.492,0.1,0.7,0.138,1.4,2.4,0.602,0.508,0.7,1.1,0.614,0.3,0.9,1.2,2.5,0.5,0.1,0.8,1.4,3.9,weslebl01
519,Russell Westbrook,PG,35,LAC,58,10,22.6,4.4,9.8,0.452,0.6,2.4,0.268,3.8,7.4,0.51,0.484,1.6,2.3,0.677,1.4,3.7,5.1,4.4,1.1,0.4,2,1.8,11.1,westbru01
520,Coby White,PG,23,CHI,60,60,36.6,6.8,15.2,0.449,2.8,7.3,0.383,4.1,8,0.508,0.54,2.9,3.4,0.835,0.6,4.2,4.8,5.3,0.7,0.2,2.2,2.3,19.3,whiteco01
521,Derrick White,SG,29,BOS,55,55,32.2,5.4,11.5,0.468,2.7,6.7,0.402,2.7,4.9,0.558,0.583,2.1,2.3,0.897,0.6,3.3,4,4.8,1.1,1.2,1.6,2.1,15.5,whitede01
522,Cam Whitmore,SF,19,HOU,33,1,17.6,4.4,9.4,0.469,1.6,4.4,0.37,2.8,4.9,0.558,0.557,1.6,2.4,0.679,0.7,3,3.7,0.5,0.6,0.3,0.9,1.3,12,whitmca01
523,Aaron Wiggins,SG,25,OKC,56,0,14.3,2.4,4.2,0.575,0.8,1.5,0.512,1.6,2.6,0.612,0.67,0.6,0.8,0.786,0.7,1.6,2.3,0.9,0.5,0.1,0.6,1.2,6.2,wiggiaa01
524,Andrew Wiggins,SF,28,GSW,51,40,27.2,4.9,10.7,0.455,1.2,3.3,0.351,3.7,7.4,0.501,0.509,1.8,2.5,0.727,1.5,2.7,4.3,1.7,0.6,0.5,1.2,2.2,12.7,wiggian01
525,Lindell Wigginton,PG,25,MIL,3,0,2.7,0.7,1.7,0.4,0,0.7,0,0.7,1,0.667,0.4,0.7,0.7,1,0,0,0,0,0,0,0.3,0.3,2,wiggili01
526,Alondes Williams,SG,24,MIA,2,0,4.5,0,1.5,0,0,1,0,0,0.5,0,0,0,0,,0,0.5,0.5,0,0,0,0.5,0,0,willial06
527,Brandon Williams,PG,24,DAL,12,0,4.9,0.7,1.8,0.364,0.2,0.5,0.333,0.5,1.3,0.375,0.409,0.5,0.9,0.545,0.3,0.3,0.6,1,0.1,0.1,0.3,0.2,2,willibr03
528,Grant Williams,PF,25,TOT,56,33,26.7,3.1,7.2,0.433,1.7,4.6,0.379,1.4,2.6,0.527,0.553,1.1,1.4,0.753,1,2.8,3.8,1.8,0.5,0.6,1.2,2.9,9,willigr01
528,Grant Williams,PF,25,DAL,47,33,26.4,2.8,6.7,0.413,1.7,4.5,0.376,1.1,2.3,0.486,0.538,0.9,1.2,0.745,1,2.6,3.6,1.7,0.5,0.6,1.1,2.9,8.1,willigr01
528,Grant Williams,PF,25,CHO,9,0,28.1,4.8,9.4,0.506,2,5.1,0.391,2.8,4.3,0.641,0.612,2.2,2.9,0.769,1.2,3.8,5,1.9,0.4,0.4,1.4,2.6,13.8,willigr01
529,Jalen Williams,PF,22,OKC,53,53,32,7.6,13.9,0.544,1.5,3.4,0.447,6.1,10.6,0.575,0.598,2.6,3.2,0.807,0.5,3.5,4.1,4.6,1,0.5,1.7,2.6,19.3,willija06
530,Jaylin Williams,C,21,OKC,50,0,12.6,1.3,3.3,0.394,0.8,2.1,0.362,0.5,1.2,0.45,0.509,0.5,0.6,0.821,0.5,2.7,3.2,1.3,0.4,0.4,0.4,1.4,3.8,willija07
531,Jeenathan Williams,SG,24,HOU,11,0,6.9,1.3,2.7,0.467,0.1,0.3,0.333,1.2,2.5,0.481,0.483,0.4,0.6,0.571,0.7,0.2,0.9,0.5,0.2,0,0.2,0.8,3,willije02
532,Kenrich Williams,PF,29,OKC,48,1,14.6,1.7,3.8,0.459,0.8,2,0.398,0.9,1.7,0.53,0.566,0.1,0.2,0.3,0.7,2.1,2.8,1.2,0.5,0.1,0.4,1.4,4.3,willike04
533,Mark Williams,C,22,CHO,19,19,26.7,5.2,7.9,0.649,0,0,,5.2,7.9,0.649,0.649,2.4,3.4,0.719,4,5.7,9.7,1.2,0.8,1.1,0.9,2.6,12.7,willima07
534,Patrick Williams,PF,22,CHI,43,30,27.3,3.7,8.3,0.443,1.4,3.4,0.399,2.3,4.9,0.474,0.525,1.2,1.5,0.788,1.1,2.8,3.9,1.5,0.9,0.8,1.3,2,10,willipa01
535,Robert Williams,C,26,POR,6,0,19.8,2.8,4.3,0.654,0,0,,2.8,4.3,0.654,0.654,1.2,1.5,0.778,1.8,4.5,6.3,0.8,1.2,1.2,1.2,2.8,6.8,williro04
536,Vince Williams Jr.,SG,23,MEM,48,29,26.9,3.1,7,0.439,1.4,4,0.363,1.6,3.1,0.537,0.542,1.9,2.4,0.795,1.2,4.4,5.5,3.2,0.9,0.6,1.6,2.5,9.5,willivi01
537,Ziaire Williams,SF,22,MEM,50,14,20.1,3,7.4,0.399,1.1,3.7,0.31,1.8,3.7,0.487,0.476,1.2,1.4,0.817,0.7,2.8,3.5,1.5,0.7,0.2,1.3,1.7,8.2,willizi02
538,Zion Williamson,PF,23,NOP,50,50,30.6,8.7,15.2,0.575,0.1,0.3,0.385,8.6,14.9,0.578,0.578,4.6,6.7,0.685,1.7,3.7,5.5,5.1,0.9,0.5,2.6,2.3,22.1,willizi01
539,Jalen Wilson,PF,23,BRK,21,1,14,1.7,3.7,0.468,0.6,1.4,0.433,1.1,2.2,0.489,0.552,0.9,1,0.905,1,1.4,2.4,1.1,0.3,0,0.2,1,5,wilsoja03
540,Dylan Windler,SF,27,TOT,11,0,3.2,0.5,1,0.455,0.5,0.9,0.5,0,0.1,0,0.682,0,0,,0,0.4,0.4,0.6,0,0,0,0.3,1.4,windldy01
540,Dylan Windler,SF,27,NYK,3,0,2.3,0.3,0.7,0.5,0.3,0.7,0.5,0,0,,0.75,0,0,,0,0.3,0.3,0.3,0,0,0,0.3,1,windldy01
540,Dylan Windler,SF,27,LAL,8,0,3.5,0.5,1.1,0.444,0.5,1,0.5,0,0.1,0,0.667,0,0,,0,0.4,0.4,0.8,0,0,0,0.3,1.5,windldy01
541,James Wiseman,C,22,DET,40,0,14.3,2.5,3.8,0.654,0,0.1,0,2.5,3.8,0.662,0.654,0.8,1.3,0.62,1.5,2.6,4.2,0.7,0.2,0.6,0.8,2.1,5.8,wisemja01
542,Christian Wood,PF,28,LAL,50,1,17.4,2.5,5.3,0.466,0.7,2.3,0.307,1.8,3,0.587,0.532,1.3,1.9,0.702,0.8,4.3,5.1,1,0.3,0.7,1,1.4,6.9,woodch01
543,Delon Wright,PG,31,TOT,36,1,14.2,1.4,3.6,0.397,0.4,1.2,0.381,1,2.5,0.404,0.458,0.8,1,0.829,0.4,1.4,1.8,2.5,1.1,0.3,0.3,0.6,4.1,wrighde01
543,Delon Wright,PG,31,WAS,33,0,13.8,1.5,3.7,0.393,0.4,1.2,0.368,1,2.5,0.405,0.451,0.7,0.9,0.828,0.4,1.4,1.8,2.5,1.1,0.2,0.3,0.7,4.1,wrighde01
543,Delon Wright,PG,31,MIA,3,1,18.7,1.3,3,0.444,0.7,1.3,0.5,0.7,1.7,0.4,0.556,1.7,2,0.833,0.3,1,1.3,3,1,0.3,0,0.3,5,wrighde01
544,Thaddeus Young,PF,35,TOT,24,6,15.4,2.3,3.8,0.611,0,0.3,0.167,2.3,3.5,0.643,0.617,0.2,0.5,0.417,1.5,2,3.5,2.1,0.8,0.1,0.5,1.8,4.8,youngth01
544,Thaddeus Young,PF,35,TOR,23,6,15.2,2.3,3.8,0.621,0,0.3,0.167,2.3,3.5,0.654,0.626,0.2,0.5,0.417,1.3,2,3.3,2.2,0.8,0.1,0.5,1.7,5,youngth01
544,Thaddeus Young,PF,35,PHO,1,0,19,1,3,0.333,0,0,,1,3,0.333,0.333,0,0,,6,2,8,0,1,0,1,4,2,youngth01
545,Trae Young,PG,25,ATL,51,51,36.5,8.2,19.3,0.426,3.3,8.9,0.371,4.9,10.3,0.473,0.512,6.6,7.8,0.856,0.4,2.3,2.7,10.8,1.4,0.2,4.3,2.1,26.4,youngtr01
546,Omer Yurtseven,C,25,UTA,31,6,8.8,1.3,2.7,0.488,0.1,0.5,0.25,1.2,2.2,0.544,0.512,0.2,0.4,0.538,1.2,2.4,3.5,0.4,0.1,0.4,0.8,1.2,3,yurtsom01
547,Cody Zeller,C,31,NOP,38,0,7.8,0.6,1.5,0.411,0,0.1,0.333,0.6,1.4,0.415,0.42,0.6,0.9,0.6,1.1,1.6,2.7,0.9,0.2,0.1,0.4,1.1,1.8,zelleco01
548,Ivica Zubac,C,26,LAC,46,46,26.7,5.1,7.8,0.655,0,0,,5.1,7.8,0.655,0.655,1.7,2.6,0.667,3,6.4,9.5,1.3,0.2,1.3,1.2,2.8,12,zubaciv01